-2.628610229492187500e+01,8.515229034423828125e+01,-5.555368661880493164e-01,1.052037811279296875e+02,4.961215209960937500e+01,-3.275389099121093750e+01,5.231672668457031250e+01,9.832506561279296875e+01,-6.308048963546752930e-01
8.494593620300292969e+00,8.498767089843750000e+01,-3.664646911621093750e+01,1.112962417602539062e+02,4.779027557373046875e+01,-4.831137084960937500e+01,7.436448669433593750e+01,1.137717151641845703e+01,-5.270101547241210938e+01
5.629464340209960938e+01,1.388485050201416016e+01,-7.687113189697265625e+01,5.448768615722656250e+01,1.358258209228515625e+02,-3.900550842285156250e+01,5.938630294799804688e+01,9.164260864257812500e+01,-3.353778076171875000e+01
4.249109649658203125e+01,1.296559753417968750e+02,-2.678194999694824219e+01,3.003051185607910156e+01,9.236060976982116699e-01,-6.131647229194641113e-01,4.724935913085937500e+01,9.177217102050781250e+01,-2.001317214965820312e+01
8.270206451416015625e+01,1.316278686523437500e+02,-2.173577117919921875e+01,8.213785552978515625e+01,1.280042552947998047e+01,-9.083077239990234375e+01,1.038715591430664062e+02,1.688289833068847656e+01,-9.469286346435546875e+01
5.105720138549804688e+01,9.154078674316406250e+01,9.196317672729492188e+00,1.151999053955078125e+02,4.743696212768554688e+01,-5.275358581542968750e+01,1.276464939117431641e+01,8.560806274414062500e+01,-2.671449851989746094e+01
6.546675109863281250e+01,1.326352996826171875e+02,-2.364631462097167969e+01,6.286525726318359375e+01,8.086102294921875000e+01,-2.022999191284179688e+01,9.159545898437500000e+00,8.995730590820312500e+01,-3.422413635253906250e+01
1.152820510864257812e+02,4.605907821655273438e+01,-5.187291336059570312e+01,1.084858703613281250e+01,8.545526885986328125e+01,-3.192037391662597656e+01,9.454980468750000000e+01,3.466950607299804688e+01,-5.346642303466796875e+01
5.356666564941406250e+01,1.418385009765625000e+02,1.159270858764648438e+01,5.151435089111328125e+01,9.860617065429687500e+01,-5.209558963775634766e+00,-2.327679252624511719e+01,8.450135040283203125e+01,2.447235107421875000e+00
3.321520233154296875e+01,1.475174713134765625e+02,1.542230987548828125e+01,3.445336151123046875e+01,9.717265319824218750e+01,1.394981503486633301e+00,6.797869110107421875e+01,4.255498886108398438e+01,-4.192267227172851562e+01
1.114949264526367188e+02,4.625028610229492188e+01,-4.930599594116210938e+01,4.744566345214843750e+01,9.646767425537109375e+01,-1.211401271820068359e+01,7.265062808990478516e+00,8.487418365478515625e+01,-3.815719604492187500e+01
1.137375411987304688e+02,3.826058959960937500e+01,-5.847125625610351562e+01,7.611001586914062500e+01,1.268417053222656250e+02,-1.709385871887207031e+01,7.360282135009765625e+01,8.391638946533203125e+01,-2.135150527954101562e+01
7.671172332763671875e+01,2.135250091552734375e+01,-8.640359497070312500e+01,5.827195739746093750e+01,6.152356624603271484e+00,-7.716001129150390625e+01,9.729054260253906250e+01,2.142206954956054688e+01,-9.074869537353515625e+01
7.774285125732421875e+01,1.957798004150390625e+01,-8.583649444580078125e+01,6.018091964721679688e+01,4.435733795166015625e+00,-7.545139312744140625e+01,1.000105514526367188e+02,1.900189590454101562e+01,-8.926229095458984375e+01
8.675228118896484375e+00,8.120021820068359375e+01,-4.425214385986328125e+01,6.233948898315429688e+01,1.362373657226562500e+02,-2.712800979614257812e+01,3.009935569763183594e+01,8.171054077148437500e+01,-5.430008316040039062e+01
1.051419372558593750e+02,5.398446655273437500e+01,-2.848184967041015625e+01,5.155448913574218750e+01,9.780430603027343750e+01,8.767156600952148438e+00,8.237614440917968750e+01,4.504399871826171875e+01,-4.053458023071289062e+01
1.113163375854492188e+02,4.594438171386718750e+01,-4.964600753784179688e+01,4.785280990600585938e+01,9.640023803710937500e+01,-1.204989624023437500e+01,7.942514896392822266e+00,8.474073791503906250e+01,-3.789735412597656250e+01
7.284837341308593750e+01,8.437361907958984375e+01,-3.092868804931640625e+01,8.321629333496093750e+01,1.300621185302734375e+02,-2.930526351928710938e+01,1.053459091186523438e+02,1.126903915405273438e+01,-8.959552764892578125e+01
3.466506195068359375e+01,1.463738098144531250e+02,1.724738883972167969e+01,3.756949234008789062e+01,9.467603302001953125e+01,6.859172344207763672e+00,2.800308704376220703e+00,1.115747909545898438e+02,-1.975250244140625000e+00
3.448007965087890625e+01,8.642720794677734375e+01,-4.947218704223632812e+01,8.121211242675781250e+01,8.276647186279296875e+01,-6.523917388916015625e+01,5.807046890258789062e+01,2.158588027954101562e+01,-6.877038574218750000e+01
6.498944091796875000e+01,1.271713104248046875e+02,1.100170516967773438e+01,6.121287536621093750e+01,8.866684722900390625e+01,3.488932847976684570e+00,6.256226348876953125e+01,3.244822311401367188e+01,-5.113603210449218750e+01
5.325842666625976562e+01,1.355371551513671875e+02,-4.064420318603515625e+01,9.598162078857421875e+01,1.990437889099121094e+01,-9.192398071289062500e+01,5.817094421386718750e+01,4.699658393859863281e+00,-7.689232635498046875e+01
6.491974639892578125e+01,7.946498107910156250e+01,-1.782926177978515625e+01,6.841770935058593750e+01,1.316883544921875000e+02,-2.167049980163574219e+01,1.197617244720458984e+01,8.939583587646484375e+01,-3.118008613586425781e+01
-2.259337234497070312e+01,8.498046112060546875e+01,2.945712566375732422e+00,5.258107757568359375e+01,9.841249084472656250e+01,-1.960986971855163574e+00,8.323483276367187500e+01,4.126144409179687500e+01,-4.361343383789062500e+01
8.697608947753906250e+01,1.288098297119140625e+02,-2.298537826538085938e+01,1.063556900024414062e+02,1.309605979919433594e+01,-9.450551605224609375e+01,7.834416198730468750e+01,8.277104187011718750e+01,-2.444846343994140625e+01
7.158584594726562500e+01,3.046814918518066406e+01,-4.724438476562500000e+01,1.051538543701171875e+02,5.368269729614257812e+01,-3.042016983032226562e+01,5.447914886474609375e+01,1.391054229736328125e+02,2.740051269531250000e+01
7.943081665039062500e+01,1.911844444274902344e+01,-8.483254241943359375e+01,5.935287475585937500e+01,9.068269348144531250e+01,-3.444494628906250000e+01,5.894652175903320312e+01,4.821293830871582031e+00,-7.628217315673828125e+01
7.688484191894531250e+01,-7.124108314514160156e+00,-4.772227478027343750e+01,7.164519500732421875e+01,6.489926147460937500e+01,-6.075269222259521484e+00,8.503676605224609375e+01,4.953368759155273438e+01,-2.944402694702148438e+01
3.273373031616210938e+01,7.925231933593750000e+01,-5.299569702148437500e+01,6.204756546020507812e+01,-7.609638214111328125e+00,-7.894808959960937500e+01,6.286013031005859375e+01,1.355239410400390625e+02,-2.943267440795898438e+01
6.793673706054687500e+01,1.331786499023437500e+02,-2.478788375854492188e+01,6.440277099609375000e+01,8.479371643066406250e+01,-3.382226943969726562e+01,1.170577850341796875e+02,5.619678497314453125e+00,-7.477362823486328125e+01
6.013156127929687500e+01,2.316143417358398438e+01,-6.722606658935546875e+01,7.371951293945312500e+01,5.700783538818359375e+01,-6.732434082031250000e+01,6.039883422851562500e+01,9.397189331054687500e+01,-2.568840217590332031e+01
7.623987579345703125e+01,8.400640869140625000e+01,-2.297875213623046875e+01,8.409290313720703125e+01,9.279067039489746094e+00,-8.686297607421875000e+01,5.948480606079101562e+01,-5.856851100921630859e+00,-7.764648437500000000e+01
8.880911254882812500e+01,1.283025360107421875e+02,-2.418476676940917969e+01,7.628544616699218750e+01,8.279805755615234375e+01,-2.792065048217773438e+01,4.096675109863281250e+01,1.010841140747070312e+02,-4.043858718872070312e+01
7.632096862792968750e+01,8.355119323730468750e+01,-2.654212188720703125e+01,8.785139465332031250e+01,1.292220764160156250e+02,-2.191595649719238281e+01,2.057697677612304688e+01,1.017276077270507812e+02,-2.191999816894531250e+01
7.010349273681640625e+01,1.303696441650390625e+02,-2.034239768981933594e+01,1.102822589874267578e+01,8.989358520507812500e+01,-3.196386337280273438e+01,6.492855072021484375e+01,7.911204528808593750e+01,-1.829791831970214844e+01
9.456316375732421875e+01,2.757478141784667969e+01,-9.247317504882812500e+01,7.705895233154296875e+01,2.381863784790039062e+01,-8.544512939453125000e+01,5.448212814331054688e+01,1.360404815673828125e+02,-3.669076156616210938e+01
7.388481903076171875e+01,5.340639877319335938e+01,-7.050409698486328125e+01,8.092321777343750000e+01,8.042582702636718750e+01,-6.756102752685546875e+01,3.302185058593750000e+01,8.341957092285156250e+01,-5.491530609130859375e+01
7.499594116210937500e+01,8.227913665771484375e+01,-2.450859069824218750e+01,8.340070343017578125e+01,1.284423370361328125e+02,-2.055667114257812500e+01,2.920068979263305664e+00,9.212571716308593750e+01,-7.542366504669189453e+00
7.026711273193359375e+01,7.131425476074218750e+01,-4.833546447753906250e+01,5.193923568725585938e+01,1.419389801025390625e+02,-2.702975082397460938e+01,7.646946716308593750e+01,4.457588195800781250e+01,-5.211361694335937500e+01
5.603894424438476562e+01,1.344238586425781250e+02,-3.108415985107421875e+01,-2.330475044250488281e+01,8.214871978759765625e+01,-2.224550628662109375e+01,5.649810028076171875e+01,8.195238494873046875e+01,-2.687731361389160156e+01
6.738177490234375000e+01,-1.740007162094116211e+00,-6.783409118652343750e+01,8.459981918334960938e+00,8.377542877197265625e+01,-3.839615631103515625e+01,1.069953918457031250e+02,4.324094390869140625e+01,-6.427841949462890625e+01
6.753340148925781250e+01,9.694305419921875000e+01,-5.043317794799804688e+00,8.310395050048828125e+01,1.407100830078125000e+02,-2.813937425613403320e+00,-1.949934577941894531e+01,8.656364440917968750e+01,1.558412361145019531e+01
7.415135955810546875e+01,1.162462158203125000e+02,7.428767204284667969e+00,-1.746331024169921875e+01,2.317375946044921875e+01,8.465972900390625000e+00,4.241286087036132812e+01,9.600872039794921875e+01,1.247430610656738281e+01
1.078358612060546875e+02,4.411315917968750000e+01,-6.232433319091796875e+01,9.329725646972656250e+01,2.494757270812988281e+01,-6.236330413818359375e+01,6.210533142089843750e+01,8.505474090576171875e+01,-1.840919494628906250e+01
9.418672180175781250e+01,2.432042884826660156e+01,-6.137305068969726562e+01,6.706333160400390625e+01,-1.248732447624206543e+00,-6.836750030517578125e+01,5.260734939575195312e+01,1.359293060302734375e+02,-1.631124687194824219e+01
7.035655212402343750e+01,5.052724075317382812e+01,-7.380403900146484375e+01,5.850917816162109375e+01,1.638114166259765625e+01,-7.100821685791015625e+01,7.648317718505859375e+01,7.660172271728515625e+01,-7.224974822998046875e+01
1.083457260131835938e+02,4.517750167846679688e+01,-6.892180633544921875e+01,1.648527145385742188e+01,7.819402313232421875e+01,-5.239929199218750000e+01,6.795121765136718750e+01,8.010509490966796875e+01,-2.892189407348632812e+01
8.171678161621093750e+01,3.205599594116210938e+01,-2.899583625793457031e+01,8.446689605712890625e+01,5.666109466552734375e+01,-1.906900405883789062e+01,5.999162673950195312e+01,7.117290496826171875e+01,3.722341537475585938e+00
5.860828018188476562e+01,4.881092071533203125e+00,-7.670932769775390625e+01,5.905344772338867188e+01,9.082453918457031250e+01,-3.531475448608398438e+01,7.520280456542968750e+01,2.087876510620117188e+01,-8.780713653564453125e+01
2.271479988098144531e+01,1.124054260253906250e+02,-7.107643604278564453e+00,1.051988372802734375e+02,5.395398712158203125e+01,-2.908059501647949219e+01,-1.298806381225585938e+01,8.691347503662109375e+01,2.181523132324218750e+01
6.845481872558593750e+01,1.312484130859375000e+02,-2.122453689575195312e+01,6.579778289794921875e+01,7.865553283691406250e+01,-1.694691276550292969e+01,-1.183004570007324219e+01,8.272341918945312500e+01,-2.919021797180175781e+01
1.375233554840087891e+01,1.113363494873046875e+02,-2.750539779663085938e+01,-2.388745498657226562e+01,8.492440795898437500e+01,1.640641093254089355e+00,8.281587219238281250e+01,4.281492614746093750e+01,-4.390311431884765625e+01
6.707358551025390625e+01,1.332207031250000000e+02,-2.637277412414550781e+01,9.112021636962890625e+01,3.760457038879394531e+00,-7.795928192138671875e+01,6.508585357666015625e+01,-1.204336452484130859e+01,-7.436879730224609375e+01
6.235238647460937500e+01,8.541342163085937500e+01,-3.612055969238281250e+01,9.208037567138671875e+01,4.330508232116699219e+00,-7.714232635498046875e+01,6.388241195678710938e+01,1.349537811279296875e+02,-2.886310386657714844e+01
-1.567583847045898438e+01,1.008250350952148438e+02,5.223015785217285156e+00,3.249061584472656250e+01,1.481679840087890625e+02,1.291616630554199219e+01,3.405412673950195312e+01,9.682945251464843750e+01,5.062140822410583496e-01
1.382508945465087891e+01,2.076967620849609375e+01,-9.116398620605468750e+01,3.243482589721679688e+01,4.359055328369140625e+01,-1.044776840209960938e+02,6.018407440185546875e+01,1.434041137695312500e+02,-1.342589282989501953e+01
-2.188751411437988281e+01,8.500268554687500000e+01,4.026712417602539062e+00,6.903545379638671875e+01,2.907855606079101562e+01,-5.354497909545898438e+01,4.864752960205078125e+01,9.885831451416015625e+01,-1.484104394912719727e+00
7.097369384765625000e+01,8.314395904541015625e+01,-2.513942337036132812e+01,7.751737213134765625e+01,1.417448639869689941e+00,-6.336492538452148438e+01,7.301348876953125000e+01,1.267689743041992188e+02,-2.092619705200195312e+01
1.054631118774414062e+02,5.402611160278320312e+01,-2.859670257568359375e+01,2.296316146850585938e+01,1.124138183593750000e+02,-6.373559474945068359e+00,8.737548065185546875e+01,4.514459228515625000e+01,-3.316823577880859375e+01
7.380764007568359375e+01,8.369750976562500000e+01,-2.903865814208984375e+01,8.224195098876953125e+01,1.298397674560546875e+02,-2.911902809143066406e+01,8.410373687744140625e+01,6.877714633941650391e+00,-8.915030670166015625e+01
1.103947448730468750e+02,1.268015289306640625e+01,-8.613230133056640625e+01,5.951147079467773438e+01,1.375237731933593750e+02,-3.326469802856445312e+01,6.112702560424804688e+01,-9.387349128723144531e+00,-7.832351684570312500e+01
4.731549453735351562e+01,9.100881958007812500e+01,1.537512397766113281e+01,8.023970031738281250e+01,1.099398880004882812e+02,9.720981597900390625e+00,-1.637935829162597656e+01,2.483422279357910156e+01,8.768002510070800781e+00
6.701591491699218750e+01,8.299510192871093750e+01,-3.120740699768066406e+01,6.598961639404296875e+01,-1.265910530090332031e+01,-7.333810424804687500e+01,1.170986251831054688e+02,5.174575328826904297e+00,-7.459347534179687500e+01
2.162803649902343750e+01,1.126587829589843750e+02,-1.388254737854003906e+01,8.344068908691406250e+01,4.385807418823242188e+01,-4.087002182006835938e+01,5.306640243530273438e+01,1.383991699218750000e+02,2.525727272033691406e+01
1.152243118286132812e+02,4.233390045166015625e+01,-5.599126434326171875e+01,4.976613616943359375e+01,9.236151123046875000e+01,-3.459607601165771484e+00,4.575688552856445312e+01,1.318848419189453125e+02,2.895857334136962891e+00
1.099640884399414062e+02,4.803376007080078125e+01,-4.941562271118164062e+01,4.396067047119140625e+01,1.360783538818359375e+02,-1.677168273925781250e+01,4.754130554199218750e+01,9.675458526611328125e+01,-1.176919651031494141e+01
4.334234619140625000e+01,1.018141098022460938e+02,-3.558852386474609375e+01,2.119294166564941406e+01,1.013950424194335938e+02,-2.116579818725585938e+01,7.678833007812500000e+00,9.178567504882812500e+01,5.125484466552734375e+00
1.072107925415039062e+02,4.619890975952148438e+01,-6.974488067626953125e+01,7.149514770507812500e+01,1.294024200439453125e+02,-3.621945953369140625e+01,1.804098320007324219e+01,7.900225830078125000e+01,-5.017089462280273438e+01
6.776820373535156250e+01,7.719770812988281250e+01,-1.726550102233886719e+01,7.120988464355468750e+01,1.280565185546875000e+02,-2.164785957336425781e+01,5.508499526977539062e+01,5.018317222595214844e+00,-7.641849517822265625e+01
5.910074234008789062e+01,9.073491668701171875e+01,-3.539878463745117188e+01,5.208592224121093750e+01,1.360018920898437500e+02,-4.250638580322265625e+01,6.039228820800781250e+01,4.145792961120605469e+00,-7.529875183105468750e+01
6.974867248535156250e+01,1.308073577880859375e+02,-1.976868438720703125e+01,1.111409091949462891e+01,9.027507781982421875e+01,-3.072798347473144531e+01,6.453871917724609375e+01,7.959794616699218750e+01,-1.860798645019531250e+01
9.408762359619140625e+01,3.301569366455078125e+01,-4.926805877685546875e+01,4.553878021240234375e+01,1.359968719482421875e+02,-1.441218471527099609e+01,9.419354438781738281e+00,8.450413513183593750e+01,-3.587905502319335938e+01
7.964368343353271484e+00,8.428474426269531250e+01,-3.771375656127929688e+01,7.350170898437500000e+01,1.099498271942138672e+01,-5.361486053466796875e+01,4.775632858276367188e+01,9.637643432617187500e+01,-1.195306205749511719e+01
6.750112152099609375e+01,4.410836410522460938e+01,-4.145518112182617188e+01,3.604100799560546875e+01,1.450019989013671875e+02,2.434525108337402344e+01,-1.528907680511474609e+01,1.012135543823242188e+02,9.956324577331542969e+00
7.204235076904296875e+01,8.503969573974609375e+01,-3.013130187988281250e+01,7.872930908203125000e+01,1.314250335693359375e+02,-3.035752105712890625e+01,1.060580520629882812e+02,1.068766593933105469e+01,-9.037748718261718750e+01
4.372261810302734375e+01,1.458482055664062500e+02,-1.072754573822021484e+01,6.621070098876953125e+01,5.325030136108398438e+01,-5.489702606201171875e+01,8.980851173400878906e+00,9.084529876708984375e+01,-3.727560424804687500e+01
9.172667694091796875e+01,2.432599830627441406e+01,-6.464348602294921875e+01,-5.616495132446289062e+00,8.107921600341796875e+01,-3.087589263916015625e+01,1.070370712280273438e+02,4.312582015991210938e+01,-6.433102416992187500e+01
1.069132003784179688e+02,4.791905212402343750e+01,-3.122645950317382812e+01,-2.251387596130371094e+01,8.469500732421875000e+01,3.450831413269042969e+00,-1.189519524574279785e+00,1.029143753051757812e+02,-1.524443912506103516e+01
7.910750579833984375e+01,1.918128204345703125e+01,-8.489314270019531250e+01,5.256023025512695312e+01,1.352136993408203125e+02,-4.170502853393554688e+01,5.819191741943359375e+01,4.952415943145751953e+00,-7.681565856933593750e+01
4.820612716674804688e+01,9.384396362304687500e+01,-1.701462936401367188e+01,4.364278793334960938e+01,1.320542907714843750e+02,-2.248861503601074219e+01,5.940330123901367188e+01,5.776348114013671875e+01,-5.352058029174804688e+01
8.329447937011718750e+01,5.346228027343750000e+01,-1.002017059326171875e+02,1.113906192779541016e+01,1.029953155517578125e+02,7.584766864776611328e+00,7.821420288085937500e+01,1.363187103271484375e+02,8.705766677856445312e+00
1.073805847167968750e+02,4.407316207885742188e+01,-6.297410202026367188e+01,5.237213516235351562e+01,1.360085601806640625e+02,-1.607845497131347656e+01,6.717174530029296875e+01,-1.069780945777893066e+00,-6.855548858642578125e+01
3.338424682617187500e+01,1.473755035400390625e+02,1.593064785003662109e+01,3.612036895751953125e+01,9.625553894042968750e+01,4.291498661041259766e+00,6.937066650390625000e+01,4.160065841674804688e+01,-3.922275161743164062e+01
7.499047851562500000e+01,8.404227447509765625e+01,-2.600645828247070312e+01,8.376912689208984375e+01,9.271837234497070312e+00,-8.744788360595703125e+01,8.214041137695312500e+01,1.300044708251953125e+02,-2.301961708068847656e+01
5.291787719726562500e+01,9.224147796630859375e+01,1.311809921264648438e+01,1.202383708953857422e+01,8.832264709472656250e+01,-2.381769752502441406e+01,1.166434555053710938e+02,4.998832321166992188e+01,-4.467535781860351562e+01
8.329267120361328125e+01,1.223401794433593750e+02,3.894228744506835938e+01,-3.613977050781250000e+01,3.911019134521484375e+01,7.904739379882812500e+01,-3.274713516235351562e+01,6.804057312011718750e+01,8.792144775390625000e+01
5.029435348510742188e+01,8.409596252441406250e+01,-3.472205352783203125e+01,-2.638882255554199219e+01,7.999686431884765625e+01,-1.817274093627929688e+01,-6.601608753204345703e+00,8.903318786621093750e+01,-3.053509330749511719e+01
1.065471725463867188e+02,1.817104530334472656e+01,-9.456037139892578125e+01,7.517578125000000000e+01,8.375643157958984375e+01,-2.770562744140625000e+01,2.650433349609375000e+01,1.017425079345703125e+02,-1.749141120910644531e+01
9.215122985839843750e+01,2.456588172912597656e+01,-6.378022384643554688e+01,6.109345245361328125e+01,8.513880920410156250e+01,-2.036224555969238281e+01,5.264006042480468750e+01,1.357820892333984375e+02,-1.698385238647460938e+01
7.213329315185546875e+01,1.066493129730224609e+01,-5.525931167602539062e+01,1.101725387573242188e+02,4.741907882690429688e+01,-4.960209655761718750e+01,4.563387393951416016e+00,8.396048736572265625e+01,-4.294045639038085938e+01
1.075567321777343750e+02,4.562973785400390625e+01,-7.008317565917968750e+01,7.104450988769531250e+01,1.292684631347656250e+02,-3.700643157958984375e+01,1.795348739624023438e+01,7.864556121826171875e+01,-5.037918090820312500e+01
5.672463607788085938e+01,9.182315063476562500e+01,-3.749671173095703125e+01,5.722986602783203125e+01,7.677878570556640625e+01,-7.774059295654296875e+01,6.091914749145507812e+01,5.127970504760742188e+01,-8.196366119384765625e+01
5.233862304687500000e+01,1.298975067138671875e+02,-1.058945059776306152e+00,5.389538192749023438e+01,9.019795989990234375e+01,-2.932106971740722656e+00,5.512111282348632812e+01,6.286323547363281250e+01,-5.103240203857421875e+01
6.549160766601562500e+01,8.444339752197265625e+01,-3.212734603881835938e+01,6.856079864501953125e+01,1.331597595214843750e+02,-2.328975868225097656e+01,1.160967254638671875e+02,5.323203563690185547e+00,-7.520100402832031250e+01
8.326594543457031250e+01,1.258899383544921875e+02,-2.754434204101562500e+01,6.060918807983398438e+01,-1.521942996978759766e+01,-7.527302551269531250e+01,7.465957641601562500e+01,7.993624114990234375e+01,-2.796057701110839844e+01
6.108068084716796875e+01,8.519316864013671875e+01,-1.924584960937500000e+01,9.005097198486328125e+01,2.598601531982421875e+01,-6.605858612060546875e+01,1.086141738891601562e+02,4.383180618286132812e+01,-6.172453689575195312e+01
5.297616195678710938e+01,1.417763824462890625e+02,-2.609249877929687500e+01,5.139168548583984375e+01,8.895864868164062500e+01,-2.264361572265625000e+01,7.612461090087890625e+01,4.442658996582031250e+01,-5.229637908935546875e+01
3.303538513183593750e+01,1.475969696044921875e+02,1.524104595184326172e+01,3.461978530883789062e+01,9.708847808837890625e+01,1.788596034049987793e+00,8.606809997558593750e+01,4.762091827392578125e+01,-3.371309280395507812e+01
5.092488861083984375e+01,8.898960876464843750e+01,-2.352421188354492188e+01,7.162368774414062500e+01,7.024009704589843750e+01,-4.693555831909179688e+01,5.136499786376953125e+01,1.419696197509765625e+02,-2.870973587036132812e+01
7.042485809326171875e+01,-5.035573840141296387e-01,-6.500101470947265625e+01,1.090409774780273438e+02,4.476964569091796875e+01,-6.005216217041015625e+01,5.340944290161132812e+01,1.360661315917968750e+02,-1.279243755340576172e+01
1.083776626586914062e+02,4.522744369506835938e+01,-6.877357482910156250e+01,1.654422569274902344e+01,7.839530181884765625e+01,-5.229348373413085938e+01,9.752333068847656250e+01,2.508594703674316406e+01,-6.678704833984375000e+01
7.052025604248046875e+01,1.293956604003906250e+02,-3.736253738403320312e+01,1.086455841064453125e+02,4.624283599853515625e+01,-6.857929229736328125e+01,1.829712104797363281e+01,7.903636932373046875e+01,-5.007129287719726562e+01
-2.579709434509277344e+01,8.509292602539062500e+01,-2.267796844244003296e-01,5.288180923461914062e+01,9.818418884277343750e+01,-6.262645125389099121e-01,-1.142492771148681641e+00,1.030908432006835938e+02,-1.370051002502441406e+01
9.727012634277343750e+01,2.070062255859375000e+01,-9.111743164062500000e+01,5.812639236450195312e+01,9.138968658447265625e+01,-3.577656173706054688e+01,5.922345352172851562e+01,5.030685424804687500e+00,-7.610311126708984375e+01
9.103352355957031250e+01,2.562187004089355469e+01,-6.538782501220703125e+01,5.421051406860351562e+01,1.352840728759765625e+02,-1.316104507446289062e+01,1.090645904541015625e+02,4.377224349975585938e+01,-6.151073074340820312e+01
5.490284729003906250e+01,1.345957031250000000e+02,-4.293563461303710938e+01,5.687510299682617188e+01,1.261654376983642578e+01,-7.616674804687500000e+01,6.218895721435546875e+01,5.014420318603515625e+01,-8.259359741210937500e+01
4.002777099609375000e+01,9.259140777587890625e+01,-4.440257263183593750e+01,1.131149368286132812e+02,4.203725051879882812e+01,-5.763216400146484375e+01,9.820958709716796875e+01,2.670455360412597656e+01,-5.611937332153320312e+01
4.937681579589843750e+01,8.902700042724609375e+01,-2.769846153259277344e+01,7.566900634765625000e+01,6.697760009765625000e+01,-4.678717803955078125e+01,7.758202362060546875e+01,4.132309341430664062e+01,-5.109575653076171875e+01
9.150506591796875000e+01,2.495976638793945312e+01,-6.468844604492187500e+01,5.905665206909179688e+01,8.570648193359375000e+01,-2.197759056091308594e+01,1.094606475830078125e+02,4.309298324584960938e+01,-6.099494171142578125e+01
7.813816833496093750e+01,1.919195747375488281e+01,-8.566803741455078125e+01,5.437244033813476562e+01,1.346395721435546875e+02,-4.083236312866210938e+01,9.593254852294921875e+01,2.063192749023437500e+01,-9.219866180419921875e+01
9.281879425048828125e+01,1.609785079956054688e+01,-9.645243835449218750e+01,6.055596923828125000e+01,6.310788154602050781e+00,-7.519583129882812500e+01,7.358726501464843750e+01,1.927707481384277344e+01,-9.012895202636718750e+01
4.336640930175781250e+01,1.315522003173828125e+02,-2.367606735229492188e+01,4.758066940307617188e+01,9.195469665527343750e+01,-1.890746879577636719e+01,3.059607315063476562e+01,2.235173702239990234e+00,1.585216969251632690e-01
6.760903167724609375e+01,1.321827850341796875e+02,-2.115799522399902344e+01,6.457895660400390625e+01,7.954254150390625000e+01,-1.765803527832031250e+01,-1.399823188781738281e+01,8.468096923828125000e+01,-2.957464027404785156e+01
-5.645464360713958740e-02,9.343679046630859375e+01,-3.979594802856445312e+01,6.207312774658203125e+01,1.331298675537109375e+02,-2.724073600769042969e+01,5.981033706665039062e+01,8.180162811279296875e+01,-2.514063644409179688e+01
6.048022460937500000e+01,2.270705986022949219e+01,-6.705437469482421875e+01,8.008637237548828125e+01,8.153871917724609375e+01,-6.563959503173828125e+01,7.364974975585937500e+01,5.627487945556640625e+01,-6.759024810791015625e+01
7.642465209960937500e+01,1.288682250976562500e+02,-1.557940387725830078e+01,7.366717529296875000e+01,8.550800323486328125e+01,-2.013416862487792969e+01,1.144757995605468750e+02,4.203787612915039062e+01,-5.576580429077148438e+01
1.244307708740234375e+02,2.680044937133789062e+01,4.367802047729492188e+01,6.672061157226562500e+01,8.377337646484375000e+01,-3.193892860412597656e+01,9.361747741699218750e+01,2.832981824874877930e+00,-7.552344512939453125e+01
7.443899536132812500e+01,1.143773040771484375e+02,9.982446670532226562e+00,2.169765281677246094e+01,7.269478607177734375e+01,6.262458419799804688e+01,4.247286987304687500e+01,9.331364440917968750e+01,1.508201980590820312e+01
5.270958709716796875e+01,8.858573150634765625e+01,-1.901683044433593750e+01,7.785826110839843750e+01,4.373370361328125000e+01,-5.003763961791992188e+01,7.549002075195312500e+01,6.968885040283203125e+01,-4.378602600097656250e+01
3.290990066528320312e+01,1.473224945068359375e+02,1.387187767028808594e+01,8.652442932128906250e+01,4.679245758056640625e+01,-3.353665161132812500e+01,3.434500885009765625e+01,9.699806976318359375e+01,6.343298554420471191e-01
4.153577804565429688e+01,1.280495758056640625e+02,-2.091440439224243164e+00,4.603788375854492188e+01,8.931442260742187500e+01,-8.931197166442871094e+00,5.852519989013671875e+01,2.669308853149414062e+01,-5.917628479003906250e+01
5.435736465454101562e+01,1.383342285156250000e+02,2.607311630249023438e+01,8.678379058837890625e-01,1.054804153442382812e+02,-8.750350952148437500e+00,5.605036163330078125e+01,9.626564025878906250e+01,9.582130432128906250e+00
1.099210662841796875e+02,4.615745544433593750e+01,-6.688661956787109375e+01,7.436328887939453125e+01,1.291020202636718750e+02,-3.517724227905273438e+01,1.922603988647460938e+01,7.917658996582031250e+01,-4.916107940673828125e+01
1.751642036437988281e+01,1.134556350708007812e+02,-1.435891628265380859e+01,5.416216659545898438e+01,1.378800048828125000e+02,3.119842720031738281e+01,1.522699832916259766e+00,1.053285446166992188e+02,-2.626033306121826172e+00
4.290335845947265625e+01,1.363938293457031250e+02,-1.683316421508789062e+01,1.100800399780273438e+02,4.856450653076171875e+01,-4.830910873413085938e+01,9.198641967773437500e+01,3.371624755859375000e+01,-5.156583786010742188e+01
4.604656982421875000e+01,1.359655914306640625e+02,-1.284049034118652344e+01,7.906219482421875000e+00,8.479283905029296875e+01,-3.690358734130859375e+01,1.118886413574218750e+02,4.811034011840820312e+01,-4.714247894287109375e+01
7.869852447509765625e+01,8.265886688232421875e+01,-2.433935165405273438e+01,4.641460800170898438e+01,1.018257827758789062e+02,-3.348227691650390625e+01,5.951019668579101562e+01,-6.238491535186767578e+00,-7.990193176269531250e+01
9.462406921386718750e+01,3.145844841003417969e+01,-5.586116027832031250e+01,4.931272125244140625e+01,9.224729919433593750e+01,-2.020780801773071289e+00,8.967523574829101562e+00,8.215213775634765625e+01,-4.070233917236328125e+01
5.344703674316406250e+01,1.412174377441406250e+02,-2.608082008361816406e+01,5.038560104370117188e+01,8.937033843994140625e+01,-2.401056671142578125e+01,6.189329147338867188e+01,9.616999626159667969e+00,-6.109893035888671875e+01
7.164884948730468750e+01,1.292936553955078125e+02,-3.604122161865234375e+01,1.080524368286132812e+02,4.642789840698242188e+01,-6.837862396240234375e+01,9.764358520507812500e+01,2.648516464233398438e+01,-6.636766815185546875e+01
8.800446319580078125e+01,1.286770477294921875e+02,-1.868629074096679688e+01,8.566190338134765625e+01,1.031274604797363281e+01,-8.887381744384765625e+01,7.813127899169921875e+01,8.269021606445312500e+01,-2.212134933471679688e+01
5.538825225830078125e+01,9.012873077392578125e+01,-1.384883594512939453e+01,5.480068588256835938e+01,1.300729217529296875e+02,-1.590936851501464844e+01,6.423744964599609375e+01,2.178308296203613281e+01,-5.645764923095703125e+01
1.614053535461425781e+01,7.814450073242187500e+01,-5.296023941040039062e+01,6.920864868164062500e+01,1.284607391357421875e+02,-4.133756637573242188e+01,6.743860626220703125e+01,8.016134643554687500e+01,-2.854517555236816406e+01
5.816777801513671875e+01,1.276544418334960938e+02,1.675030899047851562e+01,5.934805297851562500e+01,8.832732391357421875e+01,1.088282203674316406e+01,5.723431015014648438e+01,6.813722229003906250e+01,-3.650507736206054688e+01
8.589057159423828125e+01,1.294381866455078125e+02,-2.559272384643554688e+01,1.054674530029296875e+02,1.884836769104003906e+01,-9.486140441894531250e+01,8.650727081298828125e+01,1.159218406677246094e+01,-8.721852874755859375e+01
7.685023498535156250e+01,8.166281890869140625e+01,-2.502042770385742188e+01,8.831962585449218750e+01,-1.975649714469909668e+00,-8.542670440673828125e+01,5.820763778686523438e+01,-1.408644008636474609e+01,-7.982271575927734375e+01
4.782544708251953125e+01,1.440937957763671875e+02,-2.205364990234375000e+01,1.821931457519531250e+01,8.620429992675781250e+01,-4.689437103271484375e+01,6.050225067138671875e+01,1.310618591308593750e+01,-6.170992279052734375e+01
5.364967346191406250e+01,8.995368957519531250e+01,-9.272623062133789062e-01,5.468245315551757812e+01,1.296065521240234375e+02,6.835037708282470703e+00,5.582228088378906250e+01,6.474337768554687500e+01,-4.852169036865234375e+01
7.043690490722656250e+01,1.324632568359375000e+02,-2.172063446044921875e+01,9.528205871582031250e+01,2.881507396697998047e+00,-7.412110137939453125e+01,6.753417968750000000e+01,-1.180176448822021484e+01,-7.255233764648437500e+01
7.023083496093750000e+01,3.699306488037109375e+01,-8.648014831542968750e+01,5.813916397094726562e+01,9.101909637451171875e+01,-3.735686111450195312e+01,5.342397308349609375e+01,1.335825195312500000e+02,-4.582680130004882812e+01
7.720006561279296875e+01,1.933639335632324219e+01,-8.664817047119140625e+01,5.897318267822265625e+01,9.058470916748046875e+01,-3.522320175170898438e+01,9.774291229248046875e+01,1.905492019653320312e+01,-9.140924835205078125e+01
1.099789428710937500e+02,4.716453933715820312e+01,-5.067740249633789062e+01,8.475244522094726562e+00,8.449615478515625000e+01,-3.684253311157226562e+01,7.370069122314453125e+01,1.104413700103759766e+01,-5.336536788940429688e+01
6.499971008300781250e+01,7.931694793701171875e+01,-1.768647766113281250e+01,1.113203239440917969e+01,8.992399597167968750e+01,-3.115773200988769531e+01,-1.339316940307617188e+01,8.443048095703125000e+01,-3.052593231201171875e+01
1.055390319824218750e+02,5.050825881958007812e+01,-3.326543045043945312e+01,5.525308227539062500e+01,1.412817687988281250e+02,1.420506668090820312e+01,5.355628204345703125e+01,9.803116607666015625e+01,-2.003854990005493164e+00
1.203906345367431641e+01,8.960239410400390625e+01,-3.055423164367675781e+01,6.911686706542968750e+01,1.312537231445312500e+02,-2.042580032348632812e+01,6.655127716064453125e+01,7.846257019042968750e+01,-1.622218894958496094e+01
8.145373344421386719e+00,8.221911621093750000e+01,-5.065056228637695312e+01,1.115723800659179688e+02,9.113018035888671875e+00,-8.228588867187500000e+01,6.710540008544921875e+01,1.331461486816406250e+02,-2.705502128601074219e+01
6.738113403320312500e+01,1.339185791015625000e+02,-2.416901969909667969e+01,9.302218627929687500e+01,4.067132472991943359e+00,-7.564124298095703125e+01,6.645265960693359375e+01,-1.146051216125488281e+01,-7.346158599853515625e+01
7.612744140625000000e+01,8.385830688476562500e+01,-2.582813262939453125e+01,8.690041351318359375e+01,1.295183410644531250e+02,-2.186582946777343750e+01,3.788384437561035156e+00,9.180253601074218750e+01,1.181125283241271973e+00
5.825791549682617188e+01,8.612043380737304688e+00,-7.616159057617187500e+01,5.439484405517578125e+01,1.351522674560546875e+02,-4.182159423828125000e+01,9.120793914794921875e+01,3.835264968872070312e+01,-9.590602874755859375e+01
1.140042114257812500e+02,9.215674400329589844e+00,-7.969712066650390625e+01,1.007185745239257812e+01,8.205008697509765625e+01,-4.890211105346679688e+01,6.238068771362304688e+01,-1.015907382965087891e+01,-7.731430053710937500e+01
4.893459701538085938e+01,1.429660186767578125e+02,-3.051501655578613281e+01,6.197134780883789062e+01,9.123664855957031250e+00,-6.075813674926757812e+01,7.616857147216796875e+01,4.368925476074218750e+01,-5.317640304565429688e+01
6.454772186279296875e+01,1.347451324462890625e+02,-2.907824897766113281e+01,1.105357589721679688e+02,1.279625129699707031e+01,-8.414916229248046875e+01,8.940738677978515625e+01,6.463844776153564453e+00,-7.965896606445312500e+01
6.990837860107421875e+01,1.303008575439453125e+02,-2.076560401916503906e+01,-1.318664455413818359e+01,8.369064331054687500e+01,-3.083354377746582031e+01,6.524534606933593750e+01,7.905020141601562500e+01,-1.842740249633789062e+01
7.587834930419921875e+01,1.281539306640625000e+02,-1.628032112121582031e+01,9.739816284179687500e+01,2.260988426208496094e+01,-5.773488616943359375e+01,-6.300332069396972656e+00,7.496250915527343750e+01,-4.533329010009765625e+01
1.063780593872070312e+01,9.033247375488281250e+01,-3.115046310424804688e+01,6.851754760742187500e+01,1.315351562500000000e+02,-2.051944351196289062e+01,6.464067840576171875e+01,7.955192565917968750e+01,-1.786557197570800781e+01
5.913965988159179688e+01,9.101732635498046875e+01,-3.560829162597656250e+01,5.788765335083007812e+01,7.699609375000000000e+01,-7.956234741210937500e+01,5.602294540405273438e+01,1.344525909423828125e+02,-4.156561660766601562e+01
6.904068756103515625e+01,8.086508178710937500e+01,-2.610200691223144531e+01,7.057981872558593750e+01,1.294106903076171875e+02,-3.828515243530273438e+01,1.096718597412109375e+02,4.691421127319335938e+01,-6.694554901123046875e+01
6.374491500854492188e+01,1.338298645019531250e+02,-2.883798027038574219e+01,6.126965713500976562e+01,8.635217285156250000e+01,-3.740253829956054688e+01,1.097420501708984375e+02,1.252077484130859375e+01,-8.681458282470703125e+01
4.808641815185546875e+01,9.348776245117187500e+01,-1.725673294067382812e+01,3.024234199523925781e+01,2.615906000137329102e+00,7.586039304733276367e-01,4.385446929931640625e+01,1.324861755371093750e+02,-2.186837005615234375e+01
7.673634338378906250e+01,8.318067169189453125e+01,-2.450172042846679688e+01,6.427377700805664062e+00,9.170248413085937500e+01,1.372646450996398926e+00,1.046697616577148438e+02,1.408791351318359375e+01,-9.673558044433593750e+01
6.408458709716796875e+01,8.538076019287109375e+01,-3.284068298339843750e+01,6.863935852050781250e+01,1.329977874755859375e+02,-2.220323371887207031e+01,9.303132629394531250e+01,3.628718852996826172e+00,-7.540534210205078125e+01
7.716326141357421875e+01,4.051463699340820312e+01,-5.232411956787109375e+01,7.499705505371093750e+01,6.662593841552734375e+01,-4.927781295776367188e+01,5.018831253051757812e+01,8.832723236083984375e+01,-2.880001068115234375e+01
5.935884094238281250e+01,8.604161071777343750e+01,-2.086616706848144531e+01,9.011327362060546875e+01,2.635970497131347656e+01,-6.623416900634765625e+01,1.089480819702148438e+02,4.462826919555664062e+01,-6.083865356445312500e+01
7.422311401367187500e+01,2.046857070922851562e+01,-8.872006988525390625e+01,5.251168060302734375e+01,1.352745361328125000e+02,-4.246898651123046875e+01,5.790336608886718750e+01,9.117214202880859375e+01,-3.667419433593750000e+01
7.598469543457031250e+01,8.119323730468750000e+01,-3.231563949584960938e+01,7.657817077636718750e+01,1.286057739257812500e+02,-4.094730758666992188e+01,5.870827102661132812e+01,-1.828425216674804688e+01,-7.722401428222656250e+01
3.654637908935546875e+01,9.601334381103515625e+01,4.654036045074462891e+00,-1.469419956207275391e+01,1.006704101562500000e+02,6.960263729095458984e+00,6.726905059814453125e+01,4.262728881835937500e+01,-4.341021347045898438e+01
6.942089080810546875e+01,-4.320957362651824951e-01,-6.595130920410156250e+01,1.082362365722656250e+02,4.530569839477539062e+01,-6.172042465209960938e+01,5.974309921264648438e+01,8.606166839599609375e+01,-1.968298339843750000e+01
4.158031845092773438e+01,9.309263610839843750e+01,1.654791641235351562e+01,7.367719268798828125e+01,1.150858383178710938e+02,1.070936107635498047e+01,-1.704469490051269531e+01,2.347314262390136719e+01,8.133886337280273438e+00
2.488679504394531250e+01,1.008122100830078125e+02,-2.194015884399414062e+01,7.555273437500000000e+01,8.307949829101562500e+01,-2.899231910705566406e+01,8.574083709716796875e+01,1.289435424804687500e+02,-2.664388084411621094e+01
8.135433197021484375e+01,1.301101531982421875e+02,-1.429144573211669922e+01,8.573380279541015625e+01,1.186461639404296875e+01,-8.666255187988281250e+01,7.588024139404296875e+01,8.430081176757812500e+01,-1.977661705017089844e+01
4.421190643310546875e+01,1.331759643554687500e+02,-2.078368186950683594e+01,4.835255813598632812e+01,9.348659515380859375e+01,-1.665935134887695312e+01,3.073092460632324219e+01,2.951034307479858398e+00,1.443179130554199219e+00
4.469199752807617188e+01,1.358408355712890625e+02,-1.785181427001953125e+01,9.047546386718750000e+00,8.378593444824218750e+01,-3.716234588623046875e+01,1.111151733398437500e+02,4.645593643188476562e+01,-4.999557495117187500e+01
2.571407318115234375e+01,1.021896972656250000e+02,-1.677301025390625000e+01,7.895217132568359375e+01,8.200988006591796875e+01,-2.244384765625000000e+01,8.684143829345703125e+01,1.280109405517578125e+02,-2.042619323730468750e+01
7.116071319580078125e+01,1.288625335693359375e+02,-3.964829635620117188e+01,9.811780548095703125e+01,2.614222908020019531e+01,-6.586360168457031250e+01,6.951728057861328125e+01,8.054776000976562500e+01,-2.674578857421875000e+01
7.197969818115234375e+01,3.556017303466796875e+01,-8.558988952636718750e+01,5.670494079589843750e+01,1.007001876831054688e+01,-7.506198883056640625e+01,5.135680007934570312e+01,1.333269042968750000e+02,-4.934504699707031250e+01
8.388280487060546875e+01,1.296647949218750000e+02,-2.568023681640625000e+01,7.699777221679687500e+01,8.334184265136718750e+01,-2.571673774719238281e+01,4.667762279510498047e+00,9.143938446044921875e+01,-1.871771931648254395e+00
5.481476974487304688e+01,1.394824981689453125e+02,2.239385986328125000e+01,5.629551696777343750e+01,9.682122039794921875e+01,6.908949851989746094e+00,2.609897613525390625e+00,1.050888442993164062e+02,-9.068209648132324219e+00
-7.529208660125732422e+00,7.471327209472656250e+01,-4.559437561035156250e+01,7.219730377197265625e+01,8.294858551025390625e+01,-2.551532745361328125e+01,1.120772399902343750e+02,3.935527801513671875e+01,-6.031729125976562500e+01
6.447790527343750000e+01,8.539230346679687500e+01,-3.235712814331054688e+01,6.836585998535156250e+01,1.336431121826171875e+02,-2.179635620117187500e+01,1.121301727294921875e+02,1.277675914764404297e+01,-8.361859893798828125e+01
8.888922882080078125e+01,1.287770538330078125e+02,-1.773692131042480469e+01,2.222353553771972656e+01,1.005849151611328125e+02,-2.165227890014648438e+01,5.763135528564453125e+01,-6.430248737335205078e+00,-8.214062500000000000e+01
8.522760772705078125e+01,1.273574981689453125e+02,-2.237904548645019531e+01,7.289810943603515625e+01,8.286012268066406250e+01,-2.764569664001464844e+01,8.469391632080078125e+01,5.969437599182128906e+00,-8.729449462890625000e+01
1.107986450195312500e+02,1.640614891052246094e+01,-8.607351684570312500e+01,6.329219818115234375e+01,8.544446563720703125e+01,-3.350107955932617188e+01,6.334254074096679688e+01,1.350368957519531250e+02,-2.671417999267578125e+01
1.074073944091796875e+02,4.640085983276367188e+01,-6.858240509033203125e+01,9.499441528320312500e+01,2.644316482543945312e+01,-6.852762603759765625e+01,1.945822906494140625e+01,7.913893890380859375e+01,-4.925667572021484375e+01
9.730548095703125000e+01,2.529723358154296875e+01,-6.692270660400390625e+01,7.141194915771484375e+01,1.282738342285156250e+02,-4.110301589965820312e+01,1.697797393798828125e+01,7.811047363281250000e+01,-5.184098815917968750e+01
4.871897125244140625e+01,8.903176879882812500e+01,-2.831758308410644531e+01,7.491625976562500000e+01,6.748761749267578125e+01,-4.814535903930664062e+01,6.277034759521484375e+01,6.401747703552246094e+00,-5.876132202148437500e+01
3.770840835571289062e+01,1.003074493408203125e+02,-4.285025787353515625e+01,7.465993499755859375e+01,8.390333557128906250e+01,-2.225354576110839844e+01,8.275700378417968750e+01,1.293892364501953125e+02,-1.547209644317626953e+01
6.765213012695312500e+01,4.217904281616210938e+01,-4.319796752929687500e+01,3.426872253417968750e+01,9.698067474365234375e+01,5.652546882629394531e-01,-1.623086166381835938e+01,1.016286087036132812e+02,3.357328176498413086e+00
8.797695159912109375e+01,4.592972946166992188e+01,-3.040794754028320312e+01,3.495500946044921875e+01,1.468601989746093750e+02,1.703848648071289062e+01,4.449334144592285156e+00,1.110929946899414062e+02,-2.806777656078338623e-01
9.577692413330078125e+01,2.491818046569824219e+01,-6.826428222656250000e+01,7.149040222167968750e+01,1.282391967773437500e+02,-4.118443679809570312e+01,1.073768920898437500e+02,4.487044143676757812e+01,-6.982926940917968750e+01
6.442813110351562500e+01,-1.088854980468750000e+01,-7.468521881103515625e+01,1.145977096557617188e+02,8.847881317138671875e+00,-7.894194030761718750e+01,6.648998260498046875e+01,8.334625244140625000e+01,-3.161244773864746094e+01
1.147295913696289062e+02,4.918141555786132812e+01,-4.979661941528320312e+01,5.412417984008789062e+01,9.184148406982421875e+01,1.235703182220458984e+01,1.122372055053710938e+01,8.827289581298828125e+01,-2.530423164367675781e+01
6.083997726440429688e+01,9.835818290710449219e+00,-6.179188156127929688e+01,7.389412689208984375e+01,6.982071685791015625e+01,-4.726405715942382812e+01,4.944190597534179688e+01,9.002845764160156250e+01,-2.472520828247070312e+01
5.332655334472656250e+01,1.414308319091796875e+02,-2.625017547607421875e+01,5.047843551635742188e+01,8.964583587646484375e+01,-2.358020210266113281e+01,7.619230651855468750e+01,4.447339248657226562e+01,-5.229913711547851562e+01
3.762620162963867188e+01,8.941954040527343750e+01,-5.086580276489257812e+01,7.288796234130859375e+01,8.404261779785156250e+01,-2.388928413391113281e+01,7.600545501708984375e+01,1.278067550659179688e+02,-1.984699630737304688e+01
4.140903854370117188e+01,1.327083129882812500e+02,-1.723528289794921875e+01,4.645011520385742188e+01,9.189196014404296875e+01,-1.645997428894042969e+01,3.115349006652832031e+01,5.050620079040527344e+00,2.887239217758178711e+00
1.143214874267578125e+02,8.021080970764160156e+00,-7.853611755371093750e+01,6.549637603759765625e+01,8.407375335693359375e+01,-3.273556137084960938e+01,6.865757751464843750e+01,1.321067810058593750e+02,-2.359240341186523438e+01
8.221585845947265625e+01,4.214341735839843750e+01,-4.205778121948242188e+01,6.953837585449218750e+01,2.970431327819824219e+01,-5.060883712768554688e+01,4.611074829101562500e+01,1.005044937133789062e+02,1.820704579353332520e+00
6.654603576660156250e+01,-1.331962585449218750e+01,-7.232614898681640625e+01,1.161895675659179688e+02,4.654249191284179688e+00,-7.295835113525390625e+01,6.770517730712890625e+01,1.339027099609375000e+02,-2.581473922729492188e+01
3.551450347900390625e+01,1.460778656005859375e+02,1.969909286499023438e+01,3.613575744628906250e+01,9.617613983154296875e+01,4.706541538238525391e+00,3.316459894180297852e+00,1.118586349487304688e+02,-1.793067812919616699e+00
6.604658508300781250e+01,1.339858551025390625e+02,-2.683491897583007812e+01,1.256536712646484375e+02,3.137296485900878906e+01,5.774168014526367188e+01,6.397133255004882812e+01,8.482035064697265625e+01,-3.430855560302734375e+01
5.864547729492187500e+01,2.288272666931152344e+01,-8.164895629882812500e+01,7.622712707519531250e+01,8.484319305419921875e+01,-9.066875457763671875e+01,-1.129305839538574219e+01,1.295533905029296875e+02,1.601100540161132812e+01
-1.167757034301757812e+01,9.132406616210937500e+01,1.481664180755615234e+01,9.993176269531250000e+01,3.815753936767578125e+01,-7.691620635986328125e+01,2.271790885925292969e+01,1.392895202636718750e+02,1.117984771728515625e+00
5.185785675048828125e+01,9.555998992919921875e+01,2.075976729393005371e-01,1.496173572540283203e+01,9.732710266113281250e+01,7.763117790222167969e+00,7.876484680175781250e+01,8.683796691894531250e+01,-2.036011886596679688e+01
6.104890060424804688e+01,9.886123657226562500e+01,2.623311877250671387e-01,-2.798438835144042969e+01,1.051957855224609375e+02,-6.926663970947265625e+01,2.799518585205078125e+01,1.034536819458007812e+02,4.208580493927001953e+00
1.027334213256835938e+01,1.327524414062500000e+02,-4.145329666137695312e+01,4.918272781372070312e+01,1.389886169433593750e+02,-4.163170623779296875e+01,6.284496688842773438e+01,7.993785858154296875e+01,-9.670019531250000000e+01
5.850098419189453125e+01,2.488054847717285156e+01,-8.131541442871093750e+01,6.744453430175781250e+01,6.591950225830078125e+01,-8.390666961669921875e+01,5.954135894775390625e+01,9.617942810058593750e+01,1.002160263061523438e+01
4.899212265014648438e+01,8.846521759033203125e+01,8.736660957336425781e+00,-1.460633850097656250e+01,8.879713439941406250e+01,8.015645027160644531e+00,1.583857250213623047e+01,8.949160766601562500e+01,1.835795783996582031e+01
5.782631301879882812e+01,6.156153106689453125e+01,-8.632420349121093750e+01,7.337214660644531250e+01,1.360432281494140625e+02,-4.658504104614257812e+01,-1.612412643432617188e+01,1.304286499023437500e+02,-2.216158485412597656e+01
1.112570724487304688e+02,4.041815185546875000e+01,-4.355374908447265625e+01,9.623082160949707031e+00,1.380291748046875000e+02,-3.868440246582031250e+01,7.705713653564453125e+01,9.604866027832031250e+01,-9.937509536743164062e+00
-4.622026443481445312e+00,1.346788787841796875e+02,2.103212356567382812e+01,3.433011245727539062e+01,1.446364440917968750e+02,1.708157920837402344e+01,7.250400543212890625e+01,1.002486724853515625e+02,2.330528259277343750e+00
6.052741622924804688e+01,1.062081222534179688e+02,-7.131336975097656250e+01,5.919699478149414062e+01,7.934565734863281250e+01,-7.013997650146484375e+01,1.222611904144287109e+01,1.374281158447265625e+02,-4.292738437652587891e+00
5.058933639526367188e+01,8.762593078613281250e+01,1.037774085998535156e+01,1.700750350952148438e+01,8.901263427734375000e+01,1.903472709655761719e+01,-1.423333644866943359e+01,8.933596038818359375e+01,5.587641239166259766e+00
4.871848297119140625e+01,2.049644851684570312e+01,-7.681224822998046875e+01,6.479322052001953125e+01,1.346007995605468750e+02,-5.899229812622070312e+01,5.134028625488281250e+01,7.484451293945312500e+01,-1.044602508544921875e+02
9.645811462402343750e+01,2.727256584167480469e+01,-8.434458160400390625e+01,2.953346443176269531e+01,4.954375267028808594e+00,6.352722167968750000e+00,3.100745773315429688e+01,1.043789520263671875e+02,-6.837384033203125000e+01
5.933425140380859375e+01,7.956982421875000000e+01,-6.986374664306640625e+01,6.067581558227539062e+01,1.064293670654296875e+02,-7.094245147705078125e+01,5.224664306640625000e+01,4.670382308959960938e+01,-6.301296234130859375e+01
-1.418653392791748047e+01,8.878038787841796875e+01,6.440860748291015625e+00,5.037061309814453125e+01,8.758767700195312500e+01,1.071722412109375000e+01,1.561051082611083984e+01,8.903911590576171875e+01,1.904677963256835938e+01
5.988676452636718750e+01,1.016859817504882812e+02,-7.951642608642578125e+01,4.907411575317382812e+01,1.424224853515625000e+02,-1.618778419494628906e+01,6.143640518188476562e+01,7.432891082763671875e+01,-7.121266174316406250e+01
5.858314514160156250e+01,1.419591369628906250e+02,7.477388858795166016e+00,2.279863548278808594e+01,9.387223815917968750e+01,2.492240333557128906e+01,2.194285583496093750e+01,1.394835662841796875e+02,2.744248867034912109e+00
8.194959259033203125e+01,3.212785339355468750e+01,-4.432987213134765625e+01,-6.640801429748535156e+00,9.823033905029296875e+01,-2.447227478027343750e+00,2.440770721435546875e+01,1.044338226318359375e+02,1.185970592498779297e+01
6.877374267578125000e+01,7.952570343017578125e+01,-8.434677124023437500e+01,3.313033676147460938e+01,1.011043548583984375e+02,5.592371463775634766e+00,7.704400634765625000e+01,9.413925933837890625e+01,-2.189325714111328125e+01
7.722647094726562500e+01,8.765337371826171875e+01,-2.456297111511230469e+01,7.045301055908203125e+01,1.246121978759765625e+02,-4.352714538574218750e+01,5.215385055541992188e+01,9.550866699218750000e+01,-6.091035604476928711e-01
3.133747100830078125e+01,1.506616210937500000e+02,-1.867117881774902344e+01,1.300010085105895996e+00,1.340123291015625000e+02,-4.669291305541992188e+01,1.052774810791015625e+02,6.019518661499023438e+01,-6.548493957519531250e+01
5.303326416015625000e+01,6.394148254394531250e+01,-9.659781646728515625e+01,8.147737121582031250e+01,8.893280792236328125e+01,-2.232520675659179688e+01,3.694724655151367188e+01,8.558283233642578125e+01,2.608845901489257812e+01
5.132180404663085938e+01,9.927020263671875000e+01,-6.168954849243164062e+00,3.244110488891601562e+01,9.480100250244140625e+01,-3.383502960205078125e+01,7.703616333007812500e+01,9.057413482666015625e+01,7.845231056213378906e+00
4.891604614257812500e+01,8.883169555664062500e+01,7.372972011566162109e+00,7.566825103759765625e+01,7.965227508544921875e+01,-1.248582649230957031e+01,-1.860712814331054688e+01,8.807347869873046875e+01,6.730517387390136719e+00
6.075538253784179688e+01,9.881829833984375000e+01,-1.215956568717956543e+00,8.241526794433593750e+01,1.284851932525634766e+01,-4.095140838623046875e+01,9.365621185302734375e+01,3.884279251098632812e+01,-5.352620697021484375e+01
4.539674758911132812e+01,1.011052322387695312e+02,-2.384132146835327148e+00,2.398205375671386719e+01,9.793267059326171875e+01,-2.680004692077636719e+01,7.262953186035156250e+01,9.310485839843750000e+01,9.359437942504882812e+00
6.579317474365234375e+01,1.046530151367187500e+02,-4.810906982421875000e+01,2.871665763854980469e+01,4.658513545989990234e+00,9.054616928100585938e+00,1.410714054107666016e+01,8.870382690429687500e+01,-8.026368713378906250e+01
3.184063148498535156e+01,1.400669097900390625e+02,3.923055648803710938e+01,2.171441316604614258e+00,1.406143341064453125e+02,3.381423568725585938e+01,4.622922515869140625e+01,1.040909118652343750e+02,-5.700986862182617188e+01
7.962428283691406250e+01,1.594863605499267578e+01,-3.369000244140625000e+01,1.950710177421569824e+00,1.336343078613281250e+02,-4.761272811889648438e+01,6.009486007690429688e+01,9.959603881835937500e+01,-5.744924545288085938e-01
2.091545104980468750e+01,1.396111145019531250e+02,-1.699521183967590332e+00,8.073512268066406250e+01,7.875443267822265625e+01,2.120188713073730469e+00,8.674676513671875000e+01,8.566579818725585938e+00,-6.376351928710937500e+01
3.957352447509765625e+01,1.040267486572265625e+02,1.026944732666015625e+01,1.005716133117675781e+01,1.376792297363281250e+02,-4.184403991699218750e+01,9.651733398437500000e+00,1.044968261718750000e+02,3.311384677886962891e+00
-2.772591590881347656e+01,1.058985748291015625e+02,-6.840557861328125000e+01,6.146061325073242188e+01,9.833583831787109375e+01,-6.394976973533630371e-01,-2.112187147140502930e+00,9.831337738037109375e+01,-7.820283412933349609e+00
6.979240417480468750e+01,6.207295227050781250e+01,-8.107884216308593750e+01,5.254886627197265625e+01,9.533625793457031250e+01,2.320625543594360352e+00,4.248142623901367188e+01,1.410534210205078125e+02,-3.464766693115234375e+01
7.906658935546875000e+01,3.333567047119140625e+01,-4.526871109008789062e+01,5.469514083862304688e+01,1.295803070068359375e+02,-4.132934570312500000e+01,-2.205421829223632812e+01,1.060188827514648438e+02,-5.229848861694335938e+01
4.725027847290039062e+01,8.990750122070312500e+01,2.626336097717285156e+00,-1.707556152343750000e+01,8.386888122558593750e+01,2.618338775634765625e+01,1.695284461975097656e+01,8.810720825195312500e+01,2.355922698974609375e+01
7.823142242431640625e+01,7.782100677490234375e+01,-7.602253437042236328e+00,1.539593601226806641e+01,8.964077758789062500e+01,1.790157890319824219e+01,5.033440780639648438e+01,8.803082275390625000e+01,9.266430854797363281e+00
2.920979881286621094e+01,6.973117351531982422e+00,9.408931732177734375e+00,3.279651641845703125e+01,1.043406600952148438e+02,-6.883026885986328125e+01,-8.008560180664062500e+00,8.149826049804687500e+01,-7.201455688476562500e+01
5.934978103637695312e+01,1.612354278564453125e+01,-8.460675048828125000e+01,3.249958038330078125e+01,1.008478775024414062e+02,5.811966419219970703e+00,7.675473785400390625e+01,9.419758605957031250e+01,-2.283799362182617188e+01
4.089666366577148438e+01,4.792195129394531250e+01,-6.037092590332031250e+01,-4.417115783691406250e+01,1.211944351196289062e+02,-2.068116664886474609e+00,5.190205383300781250e+01,1.419322357177734375e+02,1.623365402221679688e+01
6.093991851806640625e+01,9.876647949218750000e+01,3.302370309829711914e-01,2.763189125061035156e+01,1.036303634643554688e+02,4.545061111450195312e+00,-2.625914096832275391e+00,9.830551147460937500e+01,-7.026287078857421875e+00
2.299011421203613281e+01,1.048766403198242188e+02,8.374864578247070312e+00,6.050323486328125000e+01,7.902996063232421875e+01,-9.949439239501953125e+01,4.945817184448242188e+01,2.539048194885253906e+01,-7.665298461914062500e+01
5.629851913452148438e+01,8.134923553466796875e+01,2.187529563903808594e+01,5.248597335815429688e+01,7.722245025634765625e+01,-5.702433013916015625e+01,4.642086029052734375e+01,1.035986557006835938e+02,-5.985100555419921875e+01
3.073419332504272461e+00,1.337310638427734375e+02,-4.705274581909179688e+01,6.114455032348632812e+01,9.837584686279296875e+01,1.127903699874877930e+00,2.910233497619628906e+01,1.523828735351562500e+02,-1.202626037597656250e+01
7.616757965087890625e+01,8.963790893554687500e+01,-1.992938041687011719e+01,4.347335433959960938e+01,1.404846038818359375e+02,-3.238716506958007812e+01,1.197675132751464844e+01,1.413606567382812500e+02,-2.925379180908203125e+01
-2.914461135864257812e+01,1.071842880249023438e+02,-6.533097076416015625e+01,6.106571197509765625e+01,9.884466552734375000e+01,4.893740415573120117e-01,-2.055502891540527344e+00,9.846672821044921875e+01,-7.682998180389404297e+00
5.417321777343750000e+01,7.123759460449218750e+01,-1.036981277465820312e+02,5.251096725463867188e+01,4.793513870239257812e+01,-9.595119476318359375e+01,9.498324394226074219e+00,1.044331741333007812e+02,-5.469610214233398438e+00
-1.344019126892089844e+01,9.191728210449218750e+01,1.277742958068847656e+01,8.563410186767578125e+01,8.720527648925781250e+00,-6.504673004150390625e+01,2.667091560363769531e+01,9.299707031250000000e+01,2.698295783996582031e+01
7.227281951904296875e+01,9.253899383544921875e+01,1.671073150634765625e+01,4.633187866210937500e+01,1.009795684814453125e+02,2.436330795288085938e+00,2.904122734069824219e+01,9.796325683593750000e+01,-2.531498527526855469e+01
7.780496215820312500e+01,7.463475799560546875e+01,-1.005134887695312500e+02,7.248241424560546875e+01,5.019573211669921875e+01,-1.005722045898437500e+02,-6.653403759002685547e+00,9.244741821289062500e+01,1.536995887756347656e+01
5.670877456665039062e+01,5.568463516235351562e+01,-9.184812164306640625e+01,5.882361984252929688e+01,8.094473266601562500e+01,-9.898375701904296875e+01,4.816920852661132812e+01,1.363255310058593750e+02,-4.111034774780273438e+01
-3.370792627334594727e+00,9.937852478027343750e+01,-2.624755859375000000e+00,-2.263217544555664062e+01,1.241713333129882812e+02,-3.534244155883789062e+01,1.366654968261718750e+01,1.319591674804687500e+02,-4.257209014892578125e+01
6.394626235961914062e+01,5.603487777709960938e+01,-9.963781738281250000e+01,5.559540939331054688e+01,1.895226669311523438e+01,-8.542179870605468750e+01,-7.549284934997558594e+00,9.031786346435546875e+01,2.182351875305175781e+01
5.005517959594726562e+01,8.803119659423828125e+01,9.722450256347656250e+00,7.852143859863281250e+01,7.734939575195312500e+01,-7.857112407684326172e+00,-1.570684528350830078e+01,8.826128387451171875e+01,3.878388404846191406e+00
6.446424865722656250e+01,6.868301391601562500e+01,-1.065977249145507812e+02,5.095391845703125000e+01,1.213927364349365234e+01,-9.091951751708984375e+01,6.239901351928710938e+01,4.619805908203125000e+01,-1.060221786499023438e+02
6.429589843750000000e+01,1.337285766601562500e+02,2.185713005065917969e+01,5.678899383544921875e+01,8.110703277587890625e+01,2.301572990417480469e+01,3.311225891113281250e+01,8.249372100830078125e+01,4.373931884765625000e+01
2.128874206542968750e+01,1.396887359619140625e+02,1.675555348396301270e+00,8.488440704345703125e+01,1.063447189331054688e+01,-6.650379180908203125e+01,5.563640213012695312e+01,8.838575744628906250e+01,2.756398010253906250e+01
8.018592071533203125e+01,4.715982818603515625e+01,-9.415424346923828125e+01,-6.539595127105712891e+00,1.312697296142578125e+02,-9.525402635335922241e-02,8.687416839599609375e+01,7.143561553955078125e+01,-9.676848602294921875e+01
4.677045822143554688e+01,9.190156555175781250e+01,-1.567655801773071289e-01,-8.621483802795410156e+00,9.269461059570312500e+01,-1.860234832763671875e+01,-1.087213516235351562e+01,9.977284240722656250e+01,-8.422135162353515625e+01
6.066429138183593750e+01,1.424707794189453125e+02,5.145078182220458984e+00,7.993577575683593750e+01,7.919323730468750000e+01,4.926506578922271729e-01,8.400476837158203125e+01,9.479305267333984375e+00,-6.714803314208984375e+01
5.288876342773437500e+01,1.027988739013671875e+02,-2.843798398971557617e+00,-3.227855443954467773e+00,1.004274368286132812e+02,-2.648193359375000000e+00,5.424336242675781250e+01,1.340296325683593750e+02,-3.061753845214843750e+01
7.142810058593750000e+01,5.966532897949218750e+01,-8.708421325683593750e+01,6.291676330566406250e+01,8.344996643066406250e+01,-8.033909606933593750e+01,5.994148254394531250e+01,9.562639617919921875e+01,6.204769611358642578e+00
6.126310348510742188e+01,7.514852905273437500e+01,-7.031787872314453125e+01,5.958099365234375000e+01,1.026236801147460938e+02,-7.855815124511718750e+01,1.152651977539062500e+01,1.365578002929687500e+02,-1.287654876708984375e+01
2.989021110534667969e+01,3.005094528198242188e+00,2.413902282714843750e+00,2.500439453125000000e+01,1.033727264404296875e+02,-7.215730285644531250e+01,-1.837372207641601562e+01,8.045430755615234375e+01,-7.178920745849609375e+01
6.900531768798828125e+01,6.338967514038085938e+01,-9.306388092041015625e+01,3.528725051879882812e+01,1.430281219482421875e+02,2.438977432250976562e+01,3.571031951904296875e+01,8.333167266845703125e+01,3.168069076538085938e+01
6.096250534057617188e+01,8.091638946533203125e+01,-9.899225616455078125e+01,5.165986251831054688e+01,2.603338623046875000e+01,-7.441590881347656250e+01,5.121667861938476562e+01,1.386948242187500000e+02,-3.933980178833007812e+01
2.910849332809448242e+00,8.173475646972656250e+01,4.377581787109375000e+01,2.304218053817749023e+00,1.403904876708984375e+02,3.457191467285156250e+01,6.236929321289062500e+01,1.336650848388671875e+02,2.026464271545410156e+01
4.907588577270507812e+01,4.943456268310546875e+01,-9.560285186767578125e+01,6.085534667968750000e+01,1.351587371826171875e+02,-6.304676055908203125e+01,4.497448730468750000e+01,2.093780326843261719e+01,-7.965755462646484375e+01
8.893450164794921875e+01,6.228474044799804688e+01,-5.924522781372070312e+01,7.888027191162109375e+01,3.309431457519531250e+01,-4.302687835693359375e+01,5.514258956909179688e+01,1.042681503295898438e+02,-3.303124189376831055e+00
7.716225433349609375e+01,1.935674095153808594e+01,-3.739693832397460938e+01,4.706134414672851562e+01,9.150928497314453125e+01,-1.055542111396789551e+00,2.384362792968750000e+01,1.442639312744140625e+02,-3.645267868041992188e+01
1.347290897369384766e+01,1.057378311157226562e+02,4.422649383544921875e+00,-1.372477531433105469e+01,1.230643005371093750e+02,-4.748652648925781250e+01,8.962306976318359375e+01,2.217757415771484375e+01,-1.721648406982421875e+01
7.761526489257812500e+01,3.426226806640625000e+01,-4.116082382202148438e+01,8.978025054931640625e+01,6.063917160034179688e+01,-6.241593551635742188e+01,-2.996978950500488281e+01,7.900651550292968750e+01,-1.402345371246337891e+01
4.198251342773437500e+01,1.062750930786132812e+02,1.497028255462646484e+01,8.843308258056640625e+01,2.453619956970214844e+01,-1.039891433715820312e+01,6.323380470275878906e+00,1.337064056396484375e+02,-4.274875259399414062e+01
-2.405657768249511719e+00,9.797736358642578125e+01,-8.595244407653808594e+00,9.705512523651123047e-01,1.341679687500000000e+02,-4.634349441528320312e+01,5.970734405517578125e+01,9.989916229248046875e+01,7.414543032646179199e-01
7.895840454101562500e+01,7.839683532714843750e+01,1.436096429824829102e+00,5.766718292236328125e+01,1.431674194335937500e+02,3.837182283401489258e+00,-1.516316795349121094e+01,9.193631744384765625e+01,1.162995529174804688e+01
-1.218859100341796875e+01,8.699339294433593750e+01,2.769078063964843750e+01,6.484329223632812500e+01,1.332458496093750000e+02,3.344517517089843750e+01,1.004997177124023438e+02,5.039138031005859375e+01,-6.884818267822265625e+01
5.810153961181640625e+01,6.068167114257812500e+01,-8.646360778808593750e+01,1.080064964294433594e+01,1.348159942626953125e+02,-3.650029754638671875e+01,-1.090898132324218750e+01,1.286761627197265625e+02,-2.165000915527343750e+01
-3.939301252365112305e+00,1.352299804687500000e+02,-1.244545364379882812e+01,-2.537191200256347656e+01,1.297547760009765625e+02,2.289974212646484375e+00,7.212731170654296875e+01,9.937754821777343750e+01,-1.654245376586914062e+01
6.473910522460937500e+01,1.214085960388183594e+01,-8.110214996337890625e+01,8.534741973876953125e+01,7.160659790039062500e+01,-9.763420104980468750e+01,-8.819819450378417969e+00,1.306305694580078125e+02,-1.915821433067321777e+00
7.720177459716796875e+01,8.784658813476562500e+01,-2.432750129699707031e+01,5.215775299072265625e+01,9.554975128173828125e+01,-1.943181455135345459e-01,7.067982482910156250e+01,1.247865447998046875e+02,-4.296717071533203125e+01
3.349905014038085938e+01,8.613274383544921875e+01,2.411913108825683594e+01,6.330440902709960938e+01,5.571843338012695312e+01,-9.975791931152343750e+01,8.554943084716796875e+01,1.342535858154296875e+02,-3.329093551635742188e+01
2.117337036132812500e+01,9.796134185791015625e+01,-2.608120727539062500e+01,4.262098693847656250e+01,1.021850204467773438e+02,-1.481821775436401367e+00,7.012499237060546875e+01,9.455703735351562500e+01,9.857838630676269531e+00
-1.694485664367675781e+01,8.516822814941406250e+01,-2.781518363952636719e+01,9.624409675598144531e+00,1.382343292236328125e+02,-3.809770202636718750e+01,3.921201324462890625e+01,1.034795227050781250e+02,1.273042011260986328e+01
5.610949707031250000e+01,6.100028228759765625e+01,-8.704962921142578125e+01,-1.349031639099121094e+01,1.288326110839843750e+02,-2.210542488098144531e+01,5.543332290649414062e+01,8.727271270751953125e+01,-9.637362670898437500e+01
1.310146026611328125e+02,3.195045089721679688e+01,-7.436499786376953125e+01,1.149289169311523438e+02,2.052954864501953125e+01,-6.701760101318359375e+01,-4.584057807922363281e+00,8.457037353515625000e+01,-7.137595367431640625e+01
5.615121459960937500e+01,7.803536987304687500e+01,-7.603413391113281250e+01,4.825855636596679688e+01,4.540802001953125000e+01,-6.957950592041015625e+01,5.050925445556640625e+01,1.428549041748046875e+02,-8.125468254089355469e+00
9.237645721435546875e+01,5.687950134277343750e+01,-6.401894378662109375e+01,-1.427696037292480469e+01,1.356728820800781250e+02,-4.294097518920898438e+01,2.338034248352050781e+01,1.459638366699218750e+02,-2.354968833923339844e+01
4.047899246215820312e+01,1.493784179687500000e+02,-2.934770584106445312e+01,4.003067398071289062e+01,1.036034469604492188e+02,1.031389236450195312e+01,1.028044700622558594e+01,1.040160217285156250e+02,2.716670274734497070e+00
9.950148582458496094e+00,1.349643707275390625e+02,-4.085367965698242188e+01,4.990333938598632812e+01,1.345598907470703125e+02,-8.225210189819335938e+00,1.062558593750000000e+02,7.996197509765625000e+01,-1.990841865539550781e+01
8.442735290527343750e+01,1.013264942169189453e+01,-6.663330078125000000e+01,8.066396331787109375e+01,7.409710693359375000e+01,4.970229148864746094e+00,2.507856750488281250e+01,9.080838775634765625e+01,2.814603805541992188e+01
9.251159667968750000e+01,4.047649002075195312e+01,-5.281593322753906250e+01,3.013819122314453125e+01,1.516901702880859375e+02,-1.598211765289306641e+01,2.745342063903808594e+01,1.040447540283203125e+02,4.853640556335449219e+00
9.617970275878906250e+01,1.201381530761718750e+02,9.504479408264160156e+00,6.445075225830078125e+01,1.334267272949218750e+02,3.465303039550781250e+01,8.330316925048828125e+01,2.099238967895507812e+01,-6.790273284912109375e+01
7.566122436523437500e+01,9.827133178710937500e+01,-8.808496475219726562e+00,-2.244001579284667969e+01,1.302656860351562500e+02,9.675472259521484375e+00,-1.734372615814208984e+00,1.390254516601562500e+02,-6.390171527862548828e+00
5.940853500366210938e+01,8.903972625732421875e+01,1.082020664215087891e+01,-1.784198379516601562e+01,1.296242523193359375e+02,2.031044960021972656e+01,5.308867263793945312e+01,6.439084625244140625e+01,-9.734130096435546875e+01
6.376115798950195312e+01,1.451766204833984375e+02,-1.075579452514648438e+01,-2.374394607543945312e+01,1.291407165527343750e+02,1.982503128051757812e+01,2.038886070251464844e+01,9.657378387451171875e+01,3.959256744384765625e+01
-1.416584110260009766e+01,8.832240295410156250e+01,9.302746772766113281e+00,5.073746490478515625e+01,8.741035461425781250e+01,1.111142253875732422e+01,1.616074562072753906e+01,8.831031036376953125e+01,2.088491439819335938e+01
5.159972763061523438e+01,2.627280807495117188e+01,-7.460861206054687500e+01,6.244831466674804688e+01,8.096277618408203125e+01,-9.691641235351562500e+01,2.288289642333984375e+01,1.049088821411132812e+02,9.190530776977539062e+00
8.035764312744140625e+01,7.730564880371093750e+01,-9.563562011718750000e+01,7.939295196533203125e+01,5.138623046875000000e+01,-9.216874694824218750e+01,6.168546295166015625e+01,8.700531005859375000e+01,1.582750415802001953e+01
9.565449523925781250e+01,3.601192474365234375e+01,-5.696895980834960938e+01,8.468054962158203125e+01,1.027106857299804688e+01,-4.425646209716796875e+01,-2.917849159240722656e+01,7.672506713867187500e+01,-4.028400039672851562e+01
1.103151168823242188e+02,3.820415496826171875e+01,-4.658571624755859375e+01,-1.684344482421875000e+01,1.100098114013671875e+02,-6.444733428955078125e+01,1.019601535797119141e+01,1.365492858886718750e+02,-4.306457519531250000e+01
7.684313964843750000e+01,3.395846176147460938e+01,-4.318325805664062500e+01,2.602356338500976562e+01,1.375619354248046875e+02,-2.999953269958496094e+01,-3.046574783325195312e+01,7.799202728271484375e+01,-1.649694633483886719e+01
4.664273834228515625e+01,1.033651199340820312e+02,-6.345121765136718750e+01,-3.482856035232543945e+00,8.729243469238281250e+01,3.841485595703125000e+01,5.286781692504882812e+01,1.408269348144531250e+02,1.863063812255859375e+01
2.970665740966796875e+01,4.411458015441894531e+00,5.419107437133789062e+00,3.038920974731445312e+01,1.040684814453125000e+02,-7.031138610839843750e+01,8.294672393798828125e+01,1.005764999389648438e+02,-1.966737365722656250e+01
9.465452575683593750e+01,3.805612945556640625e+01,-5.611342239379882812e+01,8.564473724365234375e+01,9.946299552917480469e+00,-4.760579299926757812e+01,-2.881274032592773438e+01,1.070556030273437500e+02,-6.560977935791015625e+01
7.140876770019531250e+01,8.189460754394531250e+01,-9.871977996826171875e+01,7.082035827636718750e+01,5.579297256469726562e+01,-9.515030670166015625e+01,5.698308944702148438e+01,1.997564125061035156e+01,-8.465591430664062500e+01
5.288898468017578125e+01,9.503260803222656250e+01,-5.421569943428039551e-01,7.942984008789062500e+01,8.585680389404296875e+01,-2.163021278381347656e+01,7.752555847167968750e+01,7.975561523437500000e+01,-8.802044677734375000e+01
-3.052393150329589844e+01,7.793534851074218750e+01,-3.668051910400390625e+01,2.789849853515625000e+01,1.034095458984375000e+02,5.311539173126220703e+00,6.088179016113281250e+01,9.906529998779296875e+01,1.407209634780883789e+00
4.177278900146484375e+01,1.031150588989257812e+02,-1.604037582874298096e-01,6.609388732910156250e+01,9.641822814941406250e+01,-2.010533905029296875e+01,-2.082754611968994141e+00,1.351915435791015625e+02,-4.168048477172851562e+01
2.936922454833984375e+01,5.982503414154052734e+00,8.506722450256347656e+00,9.437822723388671875e+01,3.499959945678710938e+01,-8.104223632812500000e+01,6.041632843017578125e+01,1.092284469604492188e+02,-6.123952484130859375e+01
1.602731323242187500e+01,9.870023345947265625e+01,-2.472825050354003906e+01,4.502153873443603516e+00,8.170503997802734375e+01,-5.471083831787109375e+01,4.278450393676757812e+01,1.016412811279296875e+02,-4.893478393554687500e+00
8.139928436279296875e+01,2.638754844665527344e+01,-6.704484558105468750e+01,9.946829223632812500e+01,5.512955856323242188e+01,-6.559388732910156250e+01,9.855698394775390625e+01,8.025655364990234375e+01,-6.572460174560546875e+01
1.953569984436035156e+01,1.395038909912109375e+02,-1.243266820907592773e+00,-1.870716476440429688e+01,9.354417419433593750e+01,7.120549201965332031e+00,9.884211730957031250e+01,3.981830215454101562e+01,-7.730403137207031250e+01
5.069179534912109375e+01,1.429609069824218750e+02,-3.276531600952148438e+01,8.020748138427734375e+01,8.594607543945312500e+01,-1.966260528564453125e+01,5.298129272460937500e+01,9.528926849365234375e+01,2.997199594974517822e-01
6.958328247070312500e+01,8.640805053710937500e+01,-7.649790954589843750e+01,-1.162467384338378906e+01,9.303427886962890625e+01,5.538756847381591797e+00,7.679604339599609375e+01,8.886140441894531250e+01,-2.108130455017089844e+01
-2.066688728332519531e+01,1.234013824462890625e+02,-3.681578445434570312e+01,-4.169218063354492188e+00,1.297651062011718750e+02,-4.354939651489257812e+01,5.309572982788085938e+01,1.034397506713867188e+02,-1.171648025512695312e+01
2.969646453857421875e+01,6.352765560150146484e+00,7.536136627197265625e+00,8.229904937744140625e+01,5.575331115722656250e+01,-9.722125244140625000e+01,3.135210609436035156e+01,1.061193847656250000e+02,-6.802262878417968750e+01
-1.429753494262695312e+01,9.169560241699218750e+01,1.278395175933837891e+01,5.805640029907226562e+01,1.431212310791015625e+02,5.014163970947265625e+00,7.907666778564453125e+01,7.798583221435546875e+01,2.090900659561157227e+00
7.746236419677734375e+01,8.852596282958984375e+01,-2.027974319458007812e+01,4.695346450805664062e+01,1.381719818115234375e+02,-3.323543167114257812e+01,5.328556442260742188e+01,9.497222137451171875e+01,3.934005260467529297e+00
-1.000517940521240234e+01,9.360101318359375000e+01,-1.040999412536621094e+01,8.911573791503906250e+01,4.713496780395507812e+01,-5.004587554931640625e+01,-1.482217884063720703e+01,1.058403091430664062e+02,-7.526069641113281250e+01
7.855450439453125000e+01,3.287615203857421875e+01,-4.350339126586914062e+01,6.185369873046875000e+01,1.011581420898437500e+02,-4.634854316711425781e+00,2.650196456909179688e+01,1.378396148681640625e+02,-2.938587951660156250e+01
8.627334594726562500e+01,7.389325714111328125e+01,-9.239570617675781250e+01,-8.493011474609375000e+00,1.304108734130859375e+02,4.610848426818847656e+00,7.924307250976562500e+01,5.007503890991210938e+01,-9.279654693603515625e+01
6.339653396606445312e+01,7.946816253662109375e+01,-9.636711120605468750e+01,5.660120010375976562e+01,5.477825546264648438e+01,-9.241934204101562500e+01,4.936401748657226562e+01,1.387837677001953125e+02,-4.183654022216796875e+01
3.844820404052734375e+01,1.043132476806640625e+02,1.350120544433593750e+01,9.957475662231445312e+00,1.374687805175781250e+02,-3.960087966918945312e+01,7.792905426025390625e+01,9.507308959960937500e+01,-1.126029205322265625e+01
6.793526458740234375e+01,8.098316955566406250e+01,-8.246476745605468750e+01,7.275749206542968750e+01,5.514209365844726562e+01,-8.588348388671875000e+01,3.281994247436523438e+01,1.008986129760742188e+02,6.899672031402587891e+00
2.972897529602050781e+01,7.492690563201904297e+00,8.625438690185546875e+00,-1.174471378326416016e+01,7.916014862060546875e+01,-7.118611145019531250e+01,2.811860275268554688e+01,1.090805969238281250e+02,-6.486789703369140625e+01
9.758045959472656250e+01,3.067987060546875000e+01,-8.196598815917968750e+01,2.928631591796875000e+01,5.218043804168701172e+00,7.702196121215820312e+00,3.232681655883789062e+01,1.052473068237304688e+02,-6.707573699951171875e+01
6.476248931884765625e+01,4.743552017211914062e+01,-1.045518646240234375e+02,-1.238278198242187500e+01,9.385977935791015625e+01,1.020649528503417969e+01,2.870050430297851562e+01,9.345806121826171875e+01,1.368168926239013672e+01
7.709985733032226562e+00,1.344790039062500000e+02,-4.106014251708984375e+01,9.093466949462890625e+01,2.344710350036621094e+01,-1.306721210479736328e+01,-1.203634262084960938e+01,1.239544296264648438e+02,-4.694494247436523438e+01
4.815156555175781250e+01,1.003968658447265625e+02,-4.093530178070068359e+00,7.532636260986328125e+01,9.161618041992187500e+01,7.192032337188720703e+00,2.746905899047851562e+01,9.681512451171875000e+01,-2.974284172058105469e+01
9.539025115966796875e+01,3.740568542480468750e+01,-5.598388290405273438e+01,8.374887847900390625e+01,1.125835990905761719e+01,-4.258921432495117188e+01,6.880989074707031250e+01,1.353910980224609375e+02,-1.983373641967773438e+01
-9.532828330993652344e+00,9.293088531494140625e+01,-1.714129257202148438e+01,9.401858520507812500e+01,6.784710693359375000e+01,-5.971490859985351562e+01,4.533995437622070312e+01,9.265978240966796875e+01,3.147163152694702148e+00
2.570521926879882812e+01,1.363355407714843750e+02,-3.274045944213867188e+01,-3.021794319152832031e+01,7.839666748046875000e+01,-1.679427909851074219e+01,-2.075335264205932617e+00,9.828337097167968750e+01,3.586409330368041992e+00
2.397221565246582031e+00,1.333048248291015625e+02,-4.810452651977539062e+01,9.465656280517578125e+01,3.757705307006835938e+01,-5.484770965576171875e+01,3.078924560546875000e+01,1.511082000732421875e+02,-1.787437820434570312e+01
3.958734893798828125e+01,1.482849731445312500e+02,-3.233769607543945312e+01,9.601496696472167969e+00,1.042610397338867188e+02,4.304566860198974609e+00,1.111939163208007812e+02,3.843016052246093750e+01,-4.570867156982421875e+01
1.013699493408203125e+02,3.818020248413085938e+01,-7.464588928222656250e+01,5.612261199951171875e+01,8.847702026367187500e+01,2.738773536682128906e+01,2.146708106994628906e+01,1.398190307617187500e+02,5.640854835510253906e-01
4.157392883300781250e+01,4.583979034423828125e+01,-5.947216415405273438e+01,1.763607788085937500e+01,1.461414947509765625e+02,2.939367485046386719e+01,5.379272079467773438e+01,1.408177642822265625e+02,1.591530323028564453e+01
2.141251373291015625e+01,1.466095886230468750e+02,-1.923159790039062500e+01,9.117706298828125000e+01,6.291860580444335938e+01,-5.351570510864257812e+01,-1.492397212982177734e+01,1.353518981933593750e+02,-4.296201705932617188e+01
5.080070114135742188e+01,2.872098731994628906e+01,-7.300880432128906250e+01,-1.694939041137695312e+01,1.282690124511718750e+02,-2.426312828063964844e+01,5.897454833984375000e+01,5.916949081420898438e+01,-8.445698547363281250e+01
7.828966522216796875e+01,8.666220855712890625e+01,-2.351977920532226562e+01,7.654830169677734375e+01,5.278496932983398438e+01,-8.350689697265625000e+01,5.233860015869140625e+01,9.547404479980468750e+01,-1.818894386291503906e+00
3.980994796752929688e+01,1.033109130859375000e+02,1.025613689422607422e+01,-1.851922798156738281e+01,8.563388061523437500e+01,-2.628732299804687500e+01,-1.860850143432617188e+01,1.115576553344726562e+02,-6.068813705444335938e+01
7.330146789550781250e+01,5.335350036621093750e+01,-9.001136779785156250e+01,3.082657432556152344e+01,9.939794158935546875e+01,7.966551780700683594e+00,5.862543106079101562e+01,9.645126342773437500e+01,2.134420394897460938e+00
1.909052658081054688e+01,1.400936584472656250e+02,-3.448486804962158203e+00,7.981173706054687500e+01,7.899861907958984375e+01,2.180361032485961914e+00,9.840299987792968750e+01,6.231331253051757812e+01,-8.085525512695312500e+01
9.654795646667480469e+00,1.368178863525390625e+02,-4.178790664672851562e+01,7.847023010253906250e+01,1.272414321899414062e+02,-5.186214828491210938e+01,-1.774467277526855469e+01,8.472851562500000000e+01,-2.819272994995117188e+01
6.194861984252929688e+01,8.108324432373046875e+01,-9.681470489501953125e+01,5.394372177124023438e+01,1.380297241210937500e+02,-3.675302505493164062e+01,1.266257572174072266e+01,1.324760284423828125e+02,-3.928203582763671875e+01
5.437546157836914062e+01,5.818175125122070312e+01,-9.139102935791015625e+01,5.185709381103515625e+01,2.721158027648925781e+01,-7.198645019531250000e+01,5.994270706176757812e+01,8.356351470947265625e+01,-9.384515380859375000e+01
6.205877304077148438e+01,8.261658477783203125e+01,-9.435858917236328125e+01,-1.385846233367919922e+01,1.284417114257812500e+02,-3.093316650390625000e+01,5.951760101318359375e+01,5.716062164306640625e+01,-8.748969268798828125e+01
9.857871246337890625e+01,3.958692550659179688e+01,-7.764996337890625000e+01,1.682294464111328125e+01,1.387699737548828125e+02,-2.277718782424926758e+00,7.917197418212890625e+01,7.562841033935546875e+01,2.754399299621582031e+00
5.591713333129882812e+01,8.540737915039062500e+01,-9.720890045166015625e+01,5.300791931152343750e+01,1.383640899658203125e+02,-3.400457000732421875e+01,5.399025344848632812e+01,5.955826568603515625e+01,-9.103357696533203125e+01
4.689398956298828125e+01,1.288948822021484375e+02,-4.267245483398437500e+01,1.603432846069335938e+01,1.344291381835937500e+02,-4.383548355102539062e+01,-2.927031040191650391e+00,1.001649856567382812e+02,-8.361415863037109375e+00
7.020494079589843750e+01,5.844301605224609375e+01,-8.990889739990234375e+01,8.206041717529296875e+01,9.138648223876953125e+01,-2.137430000305175781e+01,3.296128463745117188e+01,9.775978088378906250e+01,1.230797195434570312e+01
6.895646667480468750e+01,1.305827484130859375e+02,-6.674839782714843750e+01,5.550062179565429688e+01,6.813922882080078125e+01,-1.094842834472656250e+02,7.282095336914062500e+01,9.361672973632812500e+01,-3.741031646728515625e+01
7.882846832275390625e+01,8.639354705810546875e+01,-2.244102096557617188e+01,7.244950103759765625e+01,1.249221649169921875e+02,-4.354881286621093750e+01,7.588075256347656250e+01,5.381747055053710938e+01,-8.550515747070312500e+01
1.050781631469726562e+02,5.141168212890625000e+01,-2.142473793029785156e+01,7.813511371612548828e+00,1.331449737548828125e+02,-4.522298431396484375e+01,4.377206039428710938e+01,1.059635467529296875e+02,1.325454044342041016e+01
6.749365997314453125e+01,8.182175445556640625e+01,-8.563840484619140625e+01,5.913372802734375000e+01,9.761149597167968750e+01,1.128816246986389160e+00,7.851842498779296875e+01,9.287393951416015625e+01,-2.060559844970703125e+01
6.568806457519531250e+01,8.181919097900390625e+01,-8.833534240722656250e+01,3.219249725341796875e+01,1.008222808837890625e+02,6.220201969146728516e+00,6.020438003540039062e+01,1.655305290222167969e+01,-8.371593475341796875e+01
-1.525338935852050781e+01,1.208157653808593750e+02,-5.207289123535156250e+01,2.381468200683593750e+01,1.326592559814453125e+02,-4.110929870605468750e+01,1.325182247161865234e+01,1.063054656982421875e+02,1.144172430038452148e+00
6.297866439819335938e+01,1.435937805175781250e+02,-2.672889137268066406e+01,-2.448456192016601562e+01,1.297622375488281250e+02,5.415540695190429688e+00,5.941248703002929688e+01,1.015900344848632812e+02,1.495187091827392578e+01
6.086344909667968750e+01,9.903271484375000000e+01,-2.647135257720947266e+00,1.510319948196411133e+00,1.330964355468750000e+02,-4.864419174194335938e+01,-2.975737762451171875e+01,1.058575286865234375e+02,-6.667267608642578125e+01
8.571915435791015625e+01,1.072453117370605469e+01,-6.492575836181640625e+01,9.656990814208984375e+01,6.459227752685546875e+01,-8.185277557373046875e+01,5.602231597900390625e+01,1.434068908691406250e+02,3.611463546752929688e+00
4.852091598510742188e+01,7.353494262695312500e+01,-1.050631027221679688e+02,-1.817987251281738281e+01,9.085743713378906250e+01,-7.514924049377441406e+00,5.021038055419921875e+01,4.836924362182617188e+01,-9.424752807617187500e+01
7.901854705810546875e+01,8.706751251220703125e+01,-1.895645332336425781e+01,5.331339263916015625e+01,9.489406585693359375e+01,2.384304046630859375e+00,1.624954032897949219e+01,9.714772033691406250e+01,9.410370826721191406e+00
-1.465504837036132812e+01,8.843605041503906250e+01,8.407864570617675781e+00,5.010480117797851562e+01,8.763889312744140625e+01,1.187910461425781250e+01,1.564423942565917969e+01,8.829689788818359375e+01,2.132093811035156250e+01
6.017948913574218750e+01,8.242506408691406250e+01,-8.645010375976562500e+01,5.999127197265625000e+01,1.803798484802246094e+01,-8.449529266357421875e+01,5.591690063476562500e+01,9.789796447753906250e+01,-4.960509240627288818e-01
-1.750544357299804688e+01,8.428991699218750000e+01,-2.911392784118652344e+01,3.854122543334960938e+01,1.494258880615234375e+02,-2.954118156433105469e+01,9.421401977539062500e+00,1.367092590332031250e+02,-4.212972259521484375e+01
4.409865570068359375e+01,1.012966918945312500e+02,-6.501867771148681641e+00,4.110810852050781250e+01,1.184670181274414062e+02,-7.853907012939453125e+01,1.675020217895507812e+01,9.878993988037109375e+01,-2.446814346313476562e+01
1.018009853363037109e+01,1.040212478637695312e+02,3.844921588897705078e+00,-1.762977981567382812e+01,8.522515869140625000e+01,-2.800642967224121094e+01,7.791040039062500000e+01,9.452299499511718750e+01,-1.378736019134521484e+01
9.563545227050781250e+01,1.208873443603515625e+02,-4.280604362487792969e+00,8.170395660400390625e+01,7.179559326171875000e+01,8.107296943664550781e+00,2.372578048706054688e+01,1.356406555175781250e+02,9.434396743774414062e+00
3.059223556518554688e+01,1.511599121093750000e+02,-1.743750000000000000e+01,9.366333770751953125e+01,3.950455474853515625e+01,-5.447755432128906250e+01,-2.398222446441650391e+00,9.798018646240234375e+01,-8.330467224121093750e+00
5.992238235473632812e+01,8.603224182128906250e+01,1.328516006469726562e+01,8.388246917724609375e+01,8.728865051269531250e+01,-1.908102035522460938e+01,6.286882781982421875e+01,5.850378417968750000e+01,-9.990908050537109375e+01
6.033959197998046875e+01,9.951921844482421875e+01,-1.432793617248535156e+00,3.095438957214355469e+01,1.509894561767578125e+02,-1.917074775695800781e+01,8.441498565673828125e+01,1.040088653564453125e+01,-4.603115463256835938e+01
-1.130699348449707031e+01,1.229665679931640625e+02,-4.929140472412109375e+01,5.099069595336914062e+01,1.331691131591796875e+02,-1.678607368469238281e+01,1.164696407318115234e+01,1.054945220947265625e+02,6.204587459564208984e+00
5.190728378295898438e+01,9.583370208740234375e+01,2.139811992645263672e+00,7.577297210693359375e+01,8.956478118896484375e+01,-2.132007026672363281e+01,1.439838504791259766e+01,1.393394470214843750e+02,-2.383268165588378906e+01
7.641926574707031250e+01,9.410191345214843750e+01,-2.432232093811035156e+01,5.122137069702148438e+01,1.066581573486328125e+02,-9.112862586975097656e+00,-1.640844917297363281e+01,1.120323791503906250e+02,-6.873554992675781250e+01
7.891068267822265625e+01,8.249372100830078125e+01,-8.784825134277343750e+01,-1.232217884063720703e+01,1.295553131103515625e+02,1.484899520874023438e+01,5.959611129760742188e+01,2.131913757324218750e+01,-8.022413635253906250e+01
3.062318038940429688e+01,1.508867797851562500e+02,-1.781085395812988281e+01,2.823034667968750000e+01,1.031720123291015625e+02,3.330984354019165039e+00,6.137045288085937500e+01,9.841353607177734375e+01,-1.601288795471191406e+00
5.236757278442382812e+01,9.541832733154296875e+01,2.220013856887817383e+00,4.264097213745117188e+01,1.410352935791015625e+02,-3.438751983642578125e+01,6.924620819091796875e+01,6.265923309326171875e+01,-8.234262084960937500e+01
3.656764221191406250e+01,1.081704406738281250e+02,-5.983449554443359375e+01,1.138554458618164062e+02,2.310370826721191406e+01,-6.568859100341796875e+01,6.054664230346679688e+01,1.127870254516601562e+02,-4.153062820434570312e+01
9.487808990478515625e+01,3.742379379272460938e+01,-5.609462356567382812e+01,-2.765009689331054688e+01,1.053923873901367188e+02,-6.849298095703125000e+01,2.125768184661865234e+00,1.332558441162109375e+02,-4.816857147216796875e+01
6.086518859863281250e+01,9.914668273925781250e+01,1.786231756210327148e+00,2.804356384277343750e+01,1.035991363525390625e+02,4.949665546417236328e+00,-3.049456977844238281e+01,7.876859283447265625e+01,-3.534812545776367188e+01
9.816162872314453125e+01,5.179506301879882812e+00,-4.126428604125976562e+00,7.223598480224609375e+01,9.258878326416015625e+01,1.475069332122802734e+01,4.542374420166015625e+01,1.010394439697265625e+02,2.096714496612548828e+00
-4.802180767059326172e+00,7.878764343261718750e+01,-7.385467529296875000e+01,2.887288475036621094e+01,5.554521083831787109e+00,8.978958129882812500e+00,6.362600708007812500e+01,1.038387451171875000e+02,-5.396565246582031250e+01
9.407882690429687500e+00,1.042011566162109375e+02,7.480741500854492188e+00,1.108945465087890625e+02,4.046744537353515625e+01,-4.128479766845703125e+01,1.098045196533203125e+02,6.516923522949218750e+01,-4.473064422607421875e+01
4.942892456054687500e+01,7.082147979736328125e+01,-8.942315673828125000e+01,4.296707153320312500e+01,2.937640762329101562e+01,-8.847806549072265625e+01,-2.789430379867553711e+00,9.686438751220703125e+01,1.809272193908691406e+01
6.014712524414062500e+01,1.042276153564453125e+02,-7.408542633056640625e+01,5.600569534301757812e+01,7.766204071044921875e+01,-7.641090393066406250e+01,4.818360900878906250e+01,4.506555175781250000e+01,-6.972555541992187500e+01
2.910737609863281250e+01,5.599497795104980469e+00,7.837854862213134766e+00,6.058256149291992188e+01,1.069175720214843750e+02,-6.409877014160156250e+01,3.296746826171875000e+01,1.036791610717773438e+02,-6.966835021972656250e+01
5.055644989013671875e+01,8.796009826660156250e+01,9.307443618774414062e+00,7.906020355224609375e+01,7.725093841552734375e+01,-6.183402538299560547e+00,1.518389034271240234e+01,8.969042205810546875e+01,1.690440368652343750e+01
5.200030899047851562e+01,9.565027618408203125e+01,3.993833363056182861e-01,1.516852283477783203e+01,1.449957733154296875e+02,-2.559206581115722656e+01,7.810463714599609375e+01,8.741342926025390625e+01,-2.222338676452636719e+01
5.614545822143554688e+01,1.789717864990234375e+01,-8.599042510986328125e+01,6.522373962402343750e+01,5.450442123413085938e+01,-1.005766677856445312e+02,6.263542175292968750e+01,1.483471832275390625e+02,5.831350326538085938e+00
-1.897122192382812500e+01,1.290672149658203125e+02,-2.818317794799804688e+01,5.971191787719726562e+01,5.900075531005859375e+01,-8.544487762451171875e+01,1.080354213714599609e+01,1.316559448242187500e+02,-3.445393371582031250e+01
9.530142974853515625e+01,3.703274917602539062e+01,-5.709450912475585938e+01,8.432626342773437500e+01,1.099148368835449219e+01,-4.395581817626953125e+01,3.098271369934082031e+00,1.327390136718750000e+02,-4.971863555908203125e+01
6.988214874267578125e+01,8.024477386474609375e+01,-8.321118164062500000e+01,6.123477554321289062e+01,1.655837059020996094e+01,-8.322932434082031250e+01,5.916879272460937500e+01,9.729442596435546875e+01,2.309348106384277344e+00
-8.388825416564941406e+00,1.221840133666992188e+02,2.385669574141502380e-02,8.253416442871093750e+01,1.397010326385498047e+01,-6.905156707763671875e+01,6.334847640991210938e+01,1.372105560302734375e+02,2.030163955688476562e+01
6.209420394897460938e+01,9.805333709716796875e+01,-2.405678749084472656e+00,-2.723607444763183594e+01,1.058038635253906250e+02,-6.853147125244140625e+01,1.062406921386718750e+02,5.866351699829101562e+01,-6.644668579101562500e+01
5.073516845703125000e+01,8.772697448730468750e+01,1.099193572998046875e+01,1.747203636169433594e+01,8.893495178222656250e+01,1.972153663635253906e+01,7.763069915771484375e+01,7.825261688232421875e+01,-7.213496208190917969e+00
9.633966827392578125e+01,1.203391647338867188e+02,-7.174657821655273438e+00,2.771202278137207031e+01,8.992564392089843750e+01,2.903433036804199219e+01,8.299497222900390625e+01,7.169592285156250000e+01,7.902703285217285156e+00
4.668194961547851562e+01,1.037013854980468750e+02,-5.850124740600585938e+01,5.659118652343750000e+01,8.105789184570312500e+01,2.211853218078613281e+01,6.537819671630859375e+01,1.330865020751953125e+02,2.379808235168457031e+01
-1.433417320251464844e+01,1.223263092041015625e+02,-4.943904495239257812e+01,2.335555648803710938e+01,1.346451263427734375e+02,-3.456657791137695312e+01,-4.018671512603759766e+00,9.948435211181640625e+01,-9.683126449584960938e+00
-2.771129417419433594e+01,1.062191848754882812e+02,-6.762311553955078125e+01,3.519742965698242188e+00,1.329898529052734375e+02,-4.916466140747070312e+01,-1.939476251602172852e+00,9.826426696777343750e+01,-7.569736480712890625e+00
5.150809478759765625e+01,1.317111816406250000e+02,-3.119731903076171875e+01,1.558814334869384766e+01,1.056886215209960938e+02,-1.287338733673095703e+00,5.110307693481445312e+01,1.022531967163085938e+02,-8.471138477325439453e-01
3.128592872619628906e+01,9.827648162841796875e+01,1.874273872375488281e+01,-1.866810560226440430e+00,9.610003662109375000e+01,2.133141708374023438e+01,7.342186737060546875e+01,9.902771759033203125e+01,-2.557855796813964844e+01
