 par_1      , par_2      , par_3      , par_4      , par_5      , par_6      , par_7      , par_8      , par_9      , par_10     , par_11     , par_12     , par_13     , par_14     , par_15     , par_16     , par_17     , par_18     , par_19     , par_20     , par_21     , par_22     , par_23     , par_24     , par_25     , par_26     , par_27     , par_28     , par_29     , par_30     , par_31     , par_32     , par_33     , par_34     , par_35     , par_36     , par_37     , par_38     , par_39     , par_40     , par_41     , par_42     , par_43     , par_44     , par_45     , par_46     , par_47     , par_48     , par_49     , par_50     , par_51     , par_52     , par_53     , par_54     , par_55     , par_56     , par_57     , par_58     , par_59     , par_60     , par_61     , par_62     , par_63     , par_64     , f_value    
 +8.1137e-01, +5.0000e+00, +5.0000e+00, -5.0000e+00, +5.0000e+00, +5.0000e+00, +5.0000e+00, -5.0000e+00, +5.0000e+00, +5.0000e+00, -1.2772e+00, +5.0000e+00, -5.0000e+00, +5.0000e+00, +5.0000e+00, +5.0000e+00, -5.0000e+00, -5.0000e+00, -5.0000e+00, -5.0000e+00, +5.0000e+00, +5.0000e+00, +5.0000e+00, +5.0000e+00, -5.0000e+00, +5.0000e+00, -5.0000e+00, +5.0000e+00, +5.0000e+00, +5.0000e+00, -5.0000e+00, +5.0000e+00, -5.0000e+00, -5.0000e+00, +1.0500e-01, +5.0000e+00, -5.0000e+00, +5.0000e+00, +5.0000e+00, -5.0000e+00, -5.0000e+00, -5.0000e+00, +5.0000e+00, +5.0000e+00, -5.0000e+00, +5.0000e+00, +5.0000e+00, +2.5626e+00, +5.0000e+00, -5.0000e+00, -5.0000e+00, -5.0000e+00, +5.0000e+00, +5.0000e+00, -5.0000e+00, +5.0000e+00, +5.0000e+00, +5.0000e+00, +5.0000e+00, -5.0000e+00, +5.0000e+00, +5.0000e+00, -5.0000e+00, +5.0000e+00, -1.2756e+02
 +5.0000e+00, -5.0000e+00, +5.0000e+00, -5.0000e+00, +5.0000e+00, +5.0000e+00, +5.0000e+00, -5.0000e+00, -5.0000e+00, +5.0000e+00, -5.0000e+00, +5.0000e+00, +5.0000e+00, -5.0000e+00, +5.0000e+00, -5.0000e+00, -5.0000e+00, +5.0000e+00, -5.0000e+00, -5.0000e+00, +5.0000e+00, +5.0000e+00, +5.0000e+00, -5.0000e+00, -5.0000e+00, +5.0000e+00, +5.0000e+00, -5.0000e+00, -5.0000e+00, +5.0000e+00, -5.0000e+00, +5.0000e+00, -2.7232e+00, +5.0000e+00, -5.0000e+00, +5.0000e+00, +5.0000e+00, -5.0000e+00, +5.0000e+00, -5.0000e+00, -5.0000e+00, -5.0000e+00, +5.0000e+00, -5.0000e+00, +5.0000e+00, -5.0000e+00, -5.0000e+00, +5.0000e+00, +5.0000e+00, +5.0000e+00, -5.0000e+00, +5.0000e+00, -5.0000e+00, +5.0000e+00, -5.0000e+00, -5.0000e+00, -5.0000e+00, +5.0000e+00, +5.0000e+00, +5.0000e+00, -5.0000e+00, +5.0000e+00, -4.7085e+00, +5.0000e+00, -1.2756e+02
 -5.0000e+00, -5.0000e+00, +5.0000e+00, -5.0000e+00, -5.0000e+00, +5.0000e+00, -5.0000e+00, +5.0000e+00, -5.0000e+00, +5.0000e+00, -5.0000e+00, +5.0000e+00, +5.0000e+00, -5.0000e+00, +5.0000e+00, -5.0000e+00, +5.0000e+00, +5.0000e+00, -5.0000e+00, +5.0000e+00, +5.0000e+00, -5.0000e+00, -5.0000e+00, +5.0000e+00, -5.0000e+00, -5.0000e+00, -5.0000e+00, +5.0000e+00, +5.0000e+00, +5.0000e+00, +5.0000e+00, +5.0000e+00, -5.0000e+00, -5.0000e+00, -5.0000e+00, +5.0000e+00, -5.0000e+00, +5.0000e+00, -5.0000e+00, +5.0000e+00, -5.0000e+00, -5.0000e+00, +5.0000e+00, +5.0000e+00, -5.0000e+00, -5.0000e+00, +5.0000e+00, +5.0000e+00, -5.0000e+00, -5.0000e+00, +5.0000e+00, -5.0000e+00, -5.0000e+00, -5.0000e+00, +5.0000e+00, -5.0000e+00, -5.0000e+00, -5.0000e+00, +5.0000e+00, -5.0000e+00, +5.0000e+00, -5.0000e+00, +5.0000e+00, +5.0000e+00, -1.2756e+02
 -5.0000e+00, -5.0000e+00, +5.0000e+00, -5.0000e+00, -5.0000e+00, +5.0000e+00, -5.0000e+00, +5.0000e+00, -5.0000e+00, +5.0000e+00, -5.0000e+00, +5.0000e+00, +5.0000e+00, -5.0000e+00, +5.0000e+00, +5.0000e+00, +5.0000e+00, -5.0000e+00, -5.0000e+00, +5.0000e+00, +5.0000e+00, -5.0000e+00, -5.0000e+00, +5.0000e+00, -5.0000e+00, -5.0000e+00, -5.0000e+00, +5.0000e+00, +5.0000e+00, +5.0000e+00, -5.0000e+00, +5.0000e+00, -5.0000e+00, -5.0000e+00, -5.0000e+00, +5.0000e+00, -5.0000e+00, +5.0000e+00, -5.0000e+00, +5.0000e+00, -5.0000e+00, -5.0000e+00, +5.0000e+00, +5.0000e+00, -5.0000e+00, -5.0000e+00, +5.0000e+00, +5.0000e+00, -5.0000e+00, -5.0000e+00, +5.0000e+00, -5.0000e+00, -5.0000e+00, -5.0000e+00, +5.0000e+00, -5.0000e+00, -5.0000e+00, -5.0000e+00, +5.0000e+00, -5.0000e+00, -2.2255e+00, -5.0000e+00, +5.0000e+00, +5.0000e+00, -1.2756e+02
 -5.0000e+00, +5.0000e+00, +5.0000e+00, -5.0000e+00, +5.0000e+00, -5.0000e+00, -5.0000e+00, -5.0000e+00, +5.0000e+00, +5.0000e+00, -5.0000e+00, -5.0000e+00, -5.0000e+00, +5.0000e+00, +5.0000e+00, -5.0000e+00, -5.0000e+00, -5.0000e+00, +5.0000e+00, -5.0000e+00, -5.0000e+00, +5.0000e+00, +5.0000e+00, +5.0000e+00, +5.0000e+00, -5.0000e+00, +5.0000e+00, -5.0000e+00, -5.0000e+00, +5.0000e+00, -5.0000e+00, -5.0000e+00, +5.0000e+00, +5.0000e+00, -5.0000e+00, +5.0000e+00, +5.0000e+00, -5.0000e+00, -5.0000e+00, -5.0000e+00, +5.0000e+00, -5.0000e+00, +5.0000e+00, +5.0000e+00, -5.0000e+00, +1.7001e+00, -5.0000e+00, +5.0000e+00, -5.0000e+00, +5.0000e+00, +5.0000e+00, -5.0000e+00, +5.0000e+00, +5.0000e+00, +5.0000e+00, -5.0000e+00, +5.0000e+00, +5.0000e+00, +5.0000e+00, +5.0000e+00, +5.0000e+00, -5.0000e+00, -5.0000e+00, +5.0000e+00, -1.2756e+02
 +5.0000e+00, -5.0000e+00, +5.0000e+00, -5.0000e+00, +5.0000e+00, +5.0000e+00, +5.0000e+00, -5.0000e+00, -5.0000e+00, +5.0000e+00, -5.0000e+00, +5.0000e+00, +5.0000e+00, -5.0000e+00, +5.0000e+00, -5.0000e+00, -5.0000e+00, +5.0000e+00, -5.0000e+00, -5.0000e+00, +5.0000e+00, +5.0000e+00, +5.0000e+00, +5.0000e+00, -5.0000e+00, +5.0000e+00, +5.0000e+00, -5.0000e+00, -5.0000e+00, +5.0000e+00, -5.0000e+00, +5.0000e+00, +5.0000e+00, +5.0000e+00, -5.0000e+00, +5.0000e+00, +5.0000e+00, -5.0000e+00, +5.0000e+00, -5.0000e+00, -5.0000e+00, -5.0000e+00, +5.0000e+00, -5.0000e+00, +5.0000e+00, -5.0000e+00, -5.0000e+00, +5.0000e+00, +5.0000e+00, +5.0000e+00, -5.0000e+00, +5.0000e+00, -5.0000e+00, +5.0000e+00, -5.0000e+00, -5.0000e+00, -5.0000e+00, +5.0000e+00, -5.0000e+00, +5.0000e+00, -5.0000e+00, +5.0000e+00, +5.0000e+00, +5.0000e+00, -1.2756e+02
 -5.0000e+00, -5.0000e+00, +5.0000e+00, -5.0000e+00, +5.0000e+00, +5.0000e+00, +5.0000e+00, -5.0000e+00, -5.0000e+00, +5.0000e+00, +5.0000e+00, -5.0000e+00, -5.0000e+00, +5.0000e+00, +5.0000e+00, -5.0000e+00, +5.0000e+00, -5.0000e+00, -5.0000e+00, +5.0000e+00, -5.0000e+00, +5.0000e+00, +5.0000e+00, +5.0000e+00, -5.0000e+00, -5.0000e+00, -5.0000e+00, +5.0000e+00, -5.0000e+00, +5.0000e+00, -5.0000e+00, +5.0000e+00, +5.0000e+00, -5.0000e+00, -5.0000e+00, -5.0000e+00, -5.0000e+00, +5.0000e+00, +5.0000e+00, +5.0000e+00, -5.0000e+00, +5.0000e+00, -5.0000e+00, +5.0000e+00, +5.0000e+00, +5.0000e+00, +5.0000e+00, -5.0000e+00, +5.0000e+00, -5.0000e+00, +5.0000e+00, -5.0000e+00, +5.0000e+00, +5.0000e+00, -5.0000e+00, -5.0000e+00, +5.0000e+00, +5.0000e+00, -5.0000e+00, +5.0000e+00, -5.0000e+00, +5.0000e+00, -5.0000e+00, +5.0000e+00, -1.2756e+02
 +5.0000e+00, +5.0000e+00, +5.0000e+00, -5.0000e+00, +5.0000e+00, +5.0000e+00, +5.0000e+00, -5.0000e+00, +5.0000e+00, +5.0000e+00, +5.0000e+00, +5.0000e+00, -5.0000e+00, +5.0000e+00, +5.0000e+00, +5.0000e+00, -5.0000e+00, -5.0000e+00, -5.0000e+00, -5.0000e+00, +5.0000e+00, +5.0000e+00, +5.0000e+00, +5.0000e+00, -5.0000e+00, +5.0000e+00, -5.0000e+00, +4.7377e-01, +5.0000e+00, +5.0000e+00, -5.0000e+00, +5.0000e+00, -5.0000e+00, -5.0000e+00, -5.0000e+00, +5.0000e+00, -5.0000e+00, +5.0000e+00, +5.0000e+00, -5.0000e+00, -5.0000e+00, -5.0000e+00, +5.0000e+00, +5.0000e+00, -5.0000e+00, +5.0000e+00, +5.0000e+00, +5.0000e+00, +5.0000e+00, -5.0000e+00, -5.0000e+00, -5.0000e+00, +5.0000e+00, +5.0000e+00, -5.0000e+00, +5.0000e+00, -5.0000e+00, +5.0000e+00, +5.0000e+00, -5.0000e+00, +5.0000e+00, +5.0000e+00, -5.0000e+00, -5.0000e+00, -1.2756e+02
 -5.0000e+00, +5.0000e+00, +5.0000e+00, +5.0000e+00, -5.0000e+00, +5.0000e+00, -5.0000e+00, +5.0000e+00, -5.0000e+00, +5.0000e+00, -5.0000e+00, +5.0000e+00, -5.0000e+00, +5.0000e+00, -5.0000e+00, +5.0000e+00, +5.0000e+00, +5.0000e+00, -5.0000e+00, +5.0000e+00, -5.0000e+00, +5.0000e+00, +5.0000e+00, +5.0000e+00, -5.0000e+00, -5.0000e+00, -5.0000e+00, +5.0000e+00, -5.0000e+00, +5.0000e+00, -5.0000e+00, -5.0000e+00, +5.0000e+00, -5.0000e+00, +5.0000e+00, +5.0000e+00, -5.0000e+00, +5.0000e+00, -5.0000e+00, -5.0000e+00, +5.0000e+00, -5.0000e+00, +5.0000e+00, -5.0000e+00, +5.0000e+00, -5.0000e+00, +5.0000e+00, +5.0000e+00, -5.0000e+00, +5.0000e+00, -5.0000e+00, +5.0000e+00, +5.0000e+00, +5.0000e+00, -5.0000e+00, +5.0000e+00, -5.0000e+00, -5.0000e+00, +5.0000e+00, +5.0000e+00, -5.0000e+00, +5.0000e+00, -5.0000e+00, +5.0000e+00, -1.2756e+02
 -5.0000e+00, -5.0000e+00, -4.2334e+00, +5.0000e+00, -5.0000e+00, +5.0000e+00, -5.0000e+00, +5.0000e+00, -5.0000e+00, +5.0000e+00, -5.0000e+00, +5.0000e+00, -5.0000e+00, +5.0000e+00, -5.0000e+00, +5.0000e+00, -1.4309e+00, +5.0000e+00, -5.0000e+00, -5.0000e+00, -5.0000e+00, +5.0000e+00, +5.0000e+00, +5.0000e+00, -5.0000e+00, -5.0000e+00, -5.0000e+00, +5.0000e+00, -5.0000e+00, +5.0000e+00, -5.0000e+00, -5.0000e+00, +5.0000e+00, -5.0000e+00, +5.0000e+00, +5.0000e+00, -5.0000e+00, +5.0000e+00, -5.0000e+00, -5.0000e+00, +5.0000e+00, -5.0000e+00, +5.0000e+00, -5.0000e+00, +5.0000e+00, -5.0000e+00, +5.0000e+00, +5.0000e+00, -5.0000e+00, +5.0000e+00, -5.0000e+00, +5.0000e+00, +5.0000e+00, +5.0000e+00, -5.0000e+00, +5.0000e+00, -5.0000e+00, -5.0000e+00, +5.0000e+00, +5.0000e+00, -5.0000e+00, +5.0000e+00, -5.0000e+00, +5.0000e+00, -1.2756e+02
 +8.1028e-01, +5.0000e+00, +5.0000e+00, -5.0000e+00, +5.0000e+00, +5.0000e+00, +5.0000e+00, -5.0000e+00, +5.0000e+00, +5.0000e+00, -1.2918e+00, +5.0000e+00, -5.0000e+00, +5.0000e+00, +5.0000e+00, +5.0000e+00, -5.0000e+00, -5.0000e+00, -5.0000e+00, -5.0000e+00, +5.0000e+00, +5.0000e+00, +5.0000e+00, +5.0000e+00, -5.0000e+00, +5.0000e+00, -5.0000e+00, +5.0000e+00, +5.0000e+00, +5.0000e+00, -5.0000e+00, +5.0000e+00, -5.0000e+00, -5.0000e+00, +1.3147e-01, +5.0000e+00, -5.0000e+00, +5.0000e+00, +5.0000e+00, -5.0000e+00, -5.0000e+00, -5.0000e+00, +5.0000e+00, +5.0000e+00, -5.0000e+00, +5.0000e+00, +5.0000e+00, +2.5258e+00, +5.0000e+00, -5.0000e+00, -5.0000e+00, -5.0000e+00, +5.0000e+00, +5.0000e+00, -5.0000e+00, +5.0000e+00, +5.0000e+00, +5.0000e+00, +5.0000e+00, -5.0000e+00, +5.0000e+00, +5.0000e+00, -5.0000e+00, +5.0000e+00, -1.2756e+02
 -5.0000e+00, -1.4309e+00, +5.0000e+00, +5.0000e+00, -5.0000e+00, +5.0000e+00, -5.0000e+00, +5.0000e+00, -5.0000e+00, +5.0000e+00, -5.0000e+00, +5.0000e+00, -5.0000e+00, +5.0000e+00, -5.0000e+00, -5.0000e+00, -5.0000e+00, +5.0000e+00, -5.0000e+00, +5.0000e+00, -5.0000e+00, +5.0000e+00, +5.0000e+00, +5.0000e+00, -5.0000e+00, -5.0000e+00, -5.0000e+00, +5.0000e+00, -5.0000e+00, +5.0000e+00, -5.0000e+00, -5.0000e+00, +5.0000e+00, -5.0000e+00, +5.0000e+00, +5.0000e+00, -5.0000e+00, +5.0000e+00, -5.0000e+00, -5.0000e+00, +5.0000e+00, -5.0000e+00, +5.0000e+00, -5.0000e+00, +5.0000e+00, -5.0000e+00, +5.0000e+00, +5.0000e+00, -5.0000e+00, +5.0000e+00, +4.1022e+00, +5.0000e+00, +5.0000e+00, +5.0000e+00, -5.0000e+00, +5.0000e+00, -5.0000e+00, -5.0000e+00, +5.0000e+00, +5.0000e+00, -5.0000e+00, +5.0000e+00, -5.0000e+00, +5.0000e+00, -1.2756e+02
 -5.0000e+00, -5.0000e+00, +5.0000e+00, +5.0000e+00, -5.0000e+00, +5.0000e+00, -5.0000e+00, +5.0000e+00, -5.0000e+00, +5.0000e+00, -5.0000e+00, +5.0000e+00, -5.0000e+00, +5.0000e+00, -5.0000e+00, +5.0000e+00, -5.0000e+00, +5.0000e+00, -5.0000e+00, +5.0000e+00, -5.0000e+00, +5.0000e+00, +5.0000e+00, +5.0000e+00, -5.0000e+00, -5.0000e+00, -5.0000e+00, +5.0000e+00, -5.0000e+00, +5.0000e+00, -5.0000e+00, -5.0000e+00, +5.0000e+00, -5.0000e+00, +5.0000e+00, +5.0000e+00, -5.0000e+00, +5.0000e+00, +3.4955e-01, -5.0000e+00, +5.0000e+00, -5.0000e+00, +5.0000e+00, -5.0000e+00, +5.0000e+00, -5.0000e+00, +5.0000e+00, +5.0000e+00, -5.0000e+00, +5.0000e+00, -5.0000e+00, +5.0000e+00, +5.0000e+00, +5.0000e+00, -5.0000e+00, +5.0000e+00, -5.0000e+00, -5.0000e+00, -5.0000e+00, +5.0000e+00, -5.0000e+00, +5.0000e+00, -5.0000e+00, +5.0000e+00, -1.2756e+02
 -5.0000e+00, -5.0000e+00, +5.0000e+00, -5.0000e+00, -7.6585e-01, +5.0000e+00, +5.0000e+00, -5.0000e+00, -5.0000e+00, +5.0000e+00, +5.0000e+00, -5.0000e+00, -5.0000e+00, +5.0000e+00, +5.0000e+00, -5.0000e+00, +5.0000e+00, -5.0000e+00, -5.0000e+00, +5.0000e+00, -5.0000e+00, +5.0000e+00, -5.0000e+00, +5.0000e+00, -5.0000e+00, -5.0000e+00, +5.0000e+00, +5.0000e+00, -5.0000e+00, +5.0000e+00, -5.0000e+00, +5.0000e+00, +5.0000e+00, -5.0000e+00, -5.0000e+00, -5.0000e+00, -5.0000e+00, +5.0000e+00, +5.0000e+00, +5.0000e+00, -5.0000e+00, +5.0000e+00, -5.0000e+00, +5.0000e+00, +5.0000e+00, +5.0000e+00, +5.0000e+00, -5.0000e+00, +5.0000e+00, -5.0000e+00, +5.0000e+00, -5.0000e+00, +5.0000e+00, +5.0000e+00, -5.0000e+00, -5.0000e+00, +5.0000e+00, +5.0000e+00, -5.0000e+00, +5.0000e+00, -5.0000e+00, -5.0000e+00, -5.0000e+00, +5.0000e+00, +1.0000e+06
 -5.0000e+00, -5.0000e+00, +5.0000e+00, -5.0000e+00, +5.0000e+00, +5.0000e+00, -5.0000e+00, -5.0000e+00, -5.0000e+00, +5.0000e+00, +5.0000e+00, +5.0000e+00, +5.0000e+00, -5.0000e+00, +5.0000e+00, -5.0000e+00, -5.0000e+00, +5.0000e+00, -5.0000e+00, +5.0000e+00, +5.0000e+00, +5.0000e+00, -5.0000e+00, +4.6195e+00, -2.4950e+00, +5.0000e+00, +5.0000e+00, +5.0000e+00, +5.0000e+00, -5.0000e+00, -5.0000e+00, -5.0000e+00, +5.0000e+00, -5.0000e+00, +5.0000e+00, +5.0000e+00, +5.0000e+00, -5.0000e+00, -5.0000e+00, -5.0000e+00, +5.0000e+00, +5.0000e+00, -5.0000e+00, +5.0000e+00, -5.0000e+00, +5.0000e+00, +5.0000e+00, -5.0000e+00, -5.0000e+00, +5.0000e+00, -5.0000e+00, +5.0000e+00, -5.0000e+00, +5.0000e+00, -5.0000e+00, -5.0000e+00, +5.0000e+00, +5.0000e+00, -5.0000e+00, -5.0000e+00, -5.0000e+00, +5.0000e+00, -5.0000e+00, +5.0000e+00, +1.0000e+06
 -5.0000e+00, -5.0000e+00, +5.0000e+00, +2.4950e+00, +5.0000e+00, +5.0000e+00, -5.0000e+00, -5.0000e+00, -5.0000e+00, +5.0000e+00, -4.6506e+00, +5.0000e+00, +5.0000e+00, -5.0000e+00, +5.0000e+00, -5.0000e+00, -5.0000e+00, +5.0000e+00, -5.0000e+00, +5.0000e+00, +5.0000e+00, +5.0000e+00, -5.0000e+00, -5.0000e+00, +5.0000e+00, +5.0000e+00, +5.0000e+00, +5.0000e+00, +5.0000e+00, -5.0000e+00, -5.0000e+00, -5.0000e+00, +5.0000e+00, -5.0000e+00, +5.0000e+00, +5.0000e+00, +5.0000e+00, -5.0000e+00, -5.0000e+00, -5.0000e+00, -5.0000e+00, +5.0000e+00, -5.0000e+00, +5.0000e+00, -5.0000e+00, +5.0000e+00, +5.0000e+00, -5.0000e+00, -5.0000e+00, +5.0000e+00, -5.0000e+00, +5.0000e+00, -5.0000e+00, +5.0000e+00, -5.0000e+00, -5.0000e+00, +5.0000e+00, +5.0000e+00, -5.0000e+00, -5.0000e+00, +5.0000e+00, +5.0000e+00, -5.0000e+00, +5.0000e+00, +1.0000e+06
 -5.0000e+00, -5.0000e+00, +5.0000e+00, +5.0000e+00, +5.0000e+00, +5.0000e+00, -5.0000e+00, -5.0000e+00, -5.0000e+00, +5.0000e+00, +5.0000e+00, -2.0640e+00, +5.0000e+00, -5.0000e+00, +5.0000e+00, -5.0000e+00, -5.0000e+00, +5.0000e+00, -5.0000e+00, +5.0000e+00, +5.0000e+00, +5.0000e+00, -5.0000e+00, -5.0000e+00, -5.0000e+00, +5.0000e+00, +5.0000e+00, +5.0000e+00, +5.0000e+00, -5.0000e+00, -5.0000e+00, -5.0000e+00, +5.0000e+00, -5.0000e+00, +5.0000e+00, +5.0000e+00, +5.0000e+00, -5.0000e+00, -5.0000e+00, -5.0000e+00, +5.0000e+00, +5.0000e+00, -5.0000e+00, +5.0000e+00, -5.0000e+00, +5.0000e+00, +5.0000e+00, -5.0000e+00, -5.0000e+00, +5.0000e+00, -5.0000e+00, +5.0000e+00, -5.0000e+00, +5.0000e+00, -5.0000e+00, -5.0000e+00, +5.0000e+00, +5.0000e+00, -5.0000e+00, -5.0000e+00, +5.0000e+00, +5.0000e+00, -5.0000e+00, +5.0000e+00, +1.0000e+06
 -5.0000e+00, -5.0000e+00, +5.0000e+00, -5.0000e+00, -5.0000e+00, +5.0000e+00, -5.0000e+00, +5.0000e+00, -5.0000e+00, +5.0000e+00, -5.0000e+00, +5.0000e+00, +5.0000e+00, -5.0000e+00, +5.0000e+00, -5.0000e+00, +5.0000e+00, -5.0000e+00, -5.0000e+00, +5.0000e+00, +5.0000e+00, -5.0000e+00, -5.0000e+00, +5.0000e+00, -5.0000e+00, -5.0000e+00, -5.0000e+00, +5.0000e+00, +5.0000e+00, -2.1459e+00, +5.0000e+00, +5.0000e+00, -5.0000e+00, +5.0000e+00, -5.0000e+00, +5.0000e+00, -5.0000e+00, +5.0000e+00, -5.0000e+00, +5.0000e+00, -5.0000e+00, -5.0000e+00, +5.0000e+00, +5.0000e+00, -5.0000e+00, -5.0000e+00, +5.0000e+00, +5.0000e+00, -5.0000e+00, -5.0000e+00, +5.0000e+00, -5.0000e+00, -5.0000e+00, -5.0000e+00, +5.0000e+00, -5.0000e+00, -5.0000e+00, -5.0000e+00, +5.0000e+00, -5.0000e+00, -5.0000e+00, -5.0000e+00, +5.0000e+00, +5.0000e+00, +1.0000e+06
 +5.0000e+00, +5.0000e+00, -5.0000e+00, +5.0000e+00, -5.0000e+00, -5.0000e+00, -5.0000e+00, +5.0000e+00, -5.0000e+00, +5.0000e+00, -5.0000e+00, +5.0000e+00, -5.0000e+00, -5.0000e+00, -5.0000e+00, -5.0000e+00, +5.0000e+00, -5.0000e+00, -5.0000e+00, -5.0000e+00, +5.0000e+00, +5.0000e+00, -5.0000e+00, +5.0000e+00, -5.0000e+00, +5.0000e+00, +5.0000e+00, -5.0000e+00, +5.0000e+00, +5.0000e+00, -5.0000e+00, +5.0000e+00, +5.0000e+00, -5.0000e+00, -5.0000e+00, -5.0000e+00, -5.0000e+00, -5.0000e+00, +5.0000e+00, -5.0000e+00, +5.0000e+00, +5.0000e+00, -5.0000e+00, +5.0000e+00, -5.0000e+00, -5.0000e+00, -5.0000e+00, +5.0000e+00, +5.0000e+00, -5.0000e+00, +5.0000e+00, -5.0000e+00, +5.0000e+00, -5.0000e+00, +5.0000e+00, -5.0000e+00, +5.0000e+00, -5.0000e+00, -5.0000e+00, +5.0000e+00, +5.0000e+00, +5.0000e+00, -5.0000e+00, +5.0000e+00, +1.0000e+06
 -5.0000e+00, -5.0000e+00, +5.0000e+00, -5.0000e+00, -5.0000e+00, +5.0000e+00, -5.0000e+00, +5.0000e+00, -5.0000e+00, +5.0000e+00, -5.0000e+00, +5.0000e+00, +5.0000e+00, -5.0000e+00, +5.0000e+00, +5.0000e+00, +5.0000e+00, +5.0000e+00, -5.0000e+00, +5.0000e+00, +5.0000e+00, -5.0000e+00, -5.0000e+00, +5.0000e+00, -5.0000e+00, -5.0000e+00, +5.0000e+00, +5.0000e+00, +5.0000e+00, +5.0000e+00, +5.0000e+00, +5.0000e+00, -5.0000e+00, +5.0000e+00, -5.0000e+00, +5.0000e+00, -5.0000e+00, +5.0000e+00, -5.0000e+00, +5.0000e+00, -5.0000e+00, -5.0000e+00, +5.0000e+00, +5.0000e+00, -5.0000e+00, -5.0000e+00, +5.0000e+00, +5.0000e+00, -5.0000e+00, -5.0000e+00, +5.0000e+00, -5.0000e+00, -5.0000e+00, -5.0000e+00, +5.0000e+00, -5.0000e+00, -5.0000e+00, -5.0000e+00, +5.0000e+00, -5.0000e+00, -2.1859e+00, -5.0000e+00, +5.0000e+00, +5.0000e+00, +1.0000e+06
 +5.0000e+00, -5.0000e+00, +5.0000e+00, -5.0000e+00, +5.0000e+00, -5.0000e+00, +5.0000e+00, -5.0000e+00, -5.0000e+00, +5.0000e+00, -5.0000e+00, +5.0000e+00, +5.0000e+00, -5.0000e+00, +5.0000e+00, -5.0000e+00, -5.0000e+00, +5.0000e+00, -5.0000e+00, -5.0000e+00, +5.0000e+00, -4.7018e+00, +5.0000e+00, -5.0000e+00, -5.0000e+00, +5.0000e+00, +5.0000e+00, -5.0000e+00, -5.0000e+00, +5.0000e+00, -5.0000e+00, +5.0000e+00, +5.0000e+00, +5.0000e+00, -5.0000e+00, +5.0000e+00, +5.0000e+00, -5.0000e+00, +5.0000e+00, -5.0000e+00, -5.0000e+00, -5.0000e+00, +5.0000e+00, -5.0000e+00, +5.0000e+00, -5.0000e+00, -5.0000e+00, +5.0000e+00, +5.0000e+00, +5.0000e+00, -5.0000e+00, +5.0000e+00, -5.0000e+00, +5.0000e+00, -5.0000e+00, -5.0000e+00, -5.0000e+00, +5.0000e+00, +2.6951e+00, +5.0000e+00, -5.0000e+00, +5.0000e+00, +5.0000e+00, +5.0000e+00, +1.0000e+06
 +5.0000e+00, +5.0000e+00, +5.0000e+00, -5.0000e+00, +5.0000e+00, +5.0000e+00, +5.0000e+00, -5.0000e+00, +5.0000e+00, +5.0000e+00, +5.0000e+00, +5.0000e+00, -5.0000e+00, +5.0000e+00, +5.0000e+00, +5.0000e+00, -5.0000e+00, -5.0000e+00, -5.0000e+00, -5.0000e+00, +5.0000e+00, +5.0000e+00, +5.0000e+00, +5.0000e+00, -5.0000e+00, +5.0000e+00, -5.0000e+00, -3.9172e+00, +5.0000e+00, +5.0000e+00, -5.0000e+00, +5.0000e+00, -5.0000e+00, -5.0000e+00, +5.0000e+00, +5.0000e+00, -5.0000e+00, +5.0000e+00, +5.0000e+00, -5.0000e+00, -5.0000e+00, -5.0000e+00, +5.0000e+00, +5.0000e+00, -5.0000e+00, +5.0000e+00, +5.0000e+00, -5.0000e+00, +5.0000e+00, -5.0000e+00, -5.0000e+00, -5.0000e+00, +5.0000e+00, +5.0000e+00, -5.0000e+00, +5.0000e+00, -5.0000e+00, +5.0000e+00, +5.0000e+00, -5.0000e+00, +5.0000e+00, +5.0000e+00, -5.0000e+00, +5.0000e+00, +1.0000e+06
 +5.0000e+00, -5.0000e+00, +5.0000e+00, -5.0000e+00, +5.0000e+00, +5.0000e+00, +5.0000e+00, -5.0000e+00, -5.0000e+00, +5.0000e+00, -5.0000e+00, +5.0000e+00, +5.0000e+00, -5.0000e+00, -5.0000e+00, -5.0000e+00, -5.0000e+00, +5.0000e+00, -5.0000e+00, -5.0000e+00, +5.0000e+00, +5.0000e+00, +5.0000e+00, -5.0000e+00, -5.0000e+00, +5.0000e+00, +5.0000e+00, -5.0000e+00, -5.0000e+00, +5.0000e+00, -5.0000e+00, +5.0000e+00, -5.0000e+00, +5.0000e+00, -5.0000e+00, +5.0000e+00, +5.0000e+00, -5.0000e+00, +5.0000e+00, -5.0000e+00, -5.0000e+00, -5.0000e+00, +5.0000e+00, -5.0000e+00, +5.0000e+00, -5.0000e+00, -5.0000e+00, +5.0000e+00, +5.0000e+00, +5.0000e+00, -5.0000e+00, +5.0000e+00, -5.0000e+00, +5.0000e+00, -5.0000e+00, -5.0000e+00, -5.0000e+00, +5.0000e+00, -5.0000e+00, +5.0000e+00, -5.0000e+00, -2.3799e+00, +5.0000e+00, +5.0000e+00, +1.0000e+06
 -5.0000e+00, -5.0000e+00, +5.0000e+00, -5.0000e+00, +5.0000e+00, +5.0000e+00, -5.0000e+00, -5.0000e+00, -5.0000e+00, +5.0000e+00, +5.0000e+00, +5.0000e+00, +5.0000e+00, -5.0000e+00, +5.0000e+00, -5.0000e+00, -5.0000e+00, +5.0000e+00, -5.0000e+00, +5.0000e+00, +5.0000e+00, +5.0000e+00, -5.0000e+00, -5.0000e+00, +5.0000e+00, +5.0000e+00, +5.0000e+00, +5.0000e+00, +5.0000e+00, -5.0000e+00, -5.0000e+00, -5.0000e+00, +5.0000e+00, -5.0000e+00, +5.0000e+00, +5.0000e+00, -5.0000e+00, -5.0000e+00, -5.0000e+00, -5.0000e+00, +5.0000e+00, +5.0000e+00, -5.0000e+00, +5.0000e+00, -5.0000e+00, +5.0000e+00, +5.0000e+00, -5.0000e+00, -5.0000e+00, +5.0000e+00, -5.0000e+00, +5.0000e+00, -5.0000e+00, +5.0000e+00, -5.0000e+00, -5.0000e+00, +5.0000e+00, +5.0000e+00, -5.0000e+00, -5.0000e+00, +5.0000e+00, +5.0000e+00, -5.0000e+00, +5.0000e+00, +1.0000e+06
 -5.0000e+00, -5.0000e+00, -5.0000e+00, +5.0000e+00, -5.0000e+00, -5.0000e+00, -5.0000e+00, +5.0000e+00, -5.0000e+00, +5.0000e+00, -5.0000e+00, +5.0000e+00, -5.0000e+00, -5.0000e+00, -5.0000e+00, -5.0000e+00, +5.0000e+00, -5.0000e+00, -5.0000e+00, -5.0000e+00, +5.0000e+00, +5.0000e+00, -5.0000e+00, +5.0000e+00, -5.0000e+00, +5.0000e+00, +5.0000e+00, -5.0000e+00, +5.0000e+00, -1.8910e+00, -5.0000e+00, +5.0000e+00, +5.0000e+00, -5.0000e+00, -5.0000e+00, +5.0000e+00, -5.0000e+00, -5.0000e+00, +5.0000e+00, -5.0000e+00, +5.0000e+00, +5.0000e+00, -5.0000e+00, +5.0000e+00, -5.0000e+00, -5.0000e+00, -5.0000e+00, +5.0000e+00, +5.0000e+00, -5.0000e+00, +5.0000e+00, -5.0000e+00, +5.0000e+00, -5.0000e+00, +5.0000e+00, -5.0000e+00, +5.0000e+00, -5.0000e+00, -5.0000e+00, +5.0000e+00, +5.0000e+00, +5.0000e+00, -5.0000e+00, +5.0000e+00, +1.0000e+06
 -5.0000e+00, +5.0000e+00, -5.0000e+00, +5.0000e+00, -5.0000e+00, -5.0000e+00, -5.0000e+00, +5.0000e+00, -5.0000e+00, +5.0000e+00, -5.0000e+00, +5.0000e+00, -5.0000e+00, -5.0000e+00, -5.0000e+00, -5.0000e+00, +5.0000e+00, -5.0000e+00, -5.0000e+00, -5.0000e+00, +5.0000e+00, +5.0000e+00, -5.0000e+00, +5.0000e+00, -4.6983e+00, +5.0000e+00, +5.0000e+00, -5.0000e+00, +5.0000e+00, -5.0000e+00, -5.0000e+00, +5.0000e+00, +5.0000e+00, -5.0000e+00, -5.0000e+00, -5.0000e+00, +1.7916e+00, -5.0000e+00, +5.0000e+00, -5.0000e+00, +5.0000e+00, +5.0000e+00, -5.0000e+00, +5.0000e+00, -5.0000e+00, -5.0000e+00, +5.0000e+00, +5.0000e+00, +5.0000e+00, -5.0000e+00, +5.0000e+00, -5.0000e+00, +5.0000e+00, -5.0000e+00, +5.0000e+00, -5.0000e+00, +5.0000e+00, -5.0000e+00, -5.0000e+00, +5.0000e+00, +5.0000e+00, +5.0000e+00, -5.0000e+00, +5.0000e+00, +1.0000e+06
 -5.0000e+00, -5.0000e+00, +5.0000e+00, -5.0000e+00, +5.0000e+00, +5.0000e+00, +5.0000e+00, -5.0000e+00, -5.0000e+00, +5.0000e+00, +5.0000e+00, -5.0000e+00, -5.0000e+00, +5.0000e+00, +5.0000e+00, -5.0000e+00, +5.0000e+00, +5.0000e+00, -5.0000e+00, +5.0000e+00, -5.0000e+00, +5.0000e+00, +5.0000e+00, +5.0000e+00, -5.0000e+00, -5.0000e+00, +5.0000e+00, +5.0000e+00, -5.0000e+00, +5.0000e+00, +5.0000e+00, +5.0000e+00, +5.0000e+00, -5.0000e+00, -5.0000e+00, -5.0000e+00, -5.0000e+00, +5.0000e+00, +5.0000e+00, +5.0000e+00, -5.0000e+00, +5.0000e+00, -5.0000e+00, +5.0000e+00, +5.0000e+00, +5.0000e+00, +5.0000e+00, -5.0000e+00, +5.0000e+00, -5.0000e+00, +5.0000e+00, -5.0000e+00, +5.0000e+00, +5.0000e+00, -5.0000e+00, -5.0000e+00, +5.0000e+00, +5.0000e+00, -5.0000e+00, +5.0000e+00, -5.0000e+00, -6.4566e-01, -5.0000e+00, +5.0000e+00, +1.0000e+06
 -5.0000e+00, +5.0000e+00, +5.0000e+00, -5.0000e+00, +5.0000e+00, -5.0000e+00, -5.0000e+00, -5.0000e+00, +5.0000e+00, +5.0000e+00, -5.0000e+00, -5.0000e+00, -5.0000e+00, -5.0000e+00, +5.0000e+00, -5.0000e+00, -5.0000e+00, -5.0000e+00, +5.0000e+00, -5.0000e+00, -5.0000e+00, +5.0000e+00, +5.0000e+00, +5.0000e+00, +5.0000e+00, -5.0000e+00, +5.0000e+00, -5.0000e+00, -5.0000e+00, +5.0000e+00, -5.0000e+00, -5.0000e+00, -5.0000e+00, +5.0000e+00, -5.0000e+00, +5.0000e+00, +5.0000e+00, -5.0000e+00, -5.0000e+00, -5.0000e+00, +5.0000e+00, -5.0000e+00, +5.0000e+00, +5.0000e+00, -5.0000e+00, -5.0000e+00, -5.0000e+00, +5.0000e+00, -5.0000e+00, +5.0000e+00, +5.0000e+00, -5.0000e+00, -5.0000e+00, +5.0000e+00, +5.0000e+00, -5.0000e+00, +5.0000e+00, +5.0000e+00, +5.0000e+00, +5.0000e+00, +5.0000e+00, -5.0000e+00, -5.0000e+00, +5.0000e+00, +1.0000e+06
 -5.0000e+00, +5.0000e+00, -5.0000e+00, -5.0000e+00, +5.0000e+00, -5.0000e+00, -5.0000e+00, -5.0000e+00, +5.0000e+00, +5.0000e+00, -5.0000e+00, -5.0000e+00, -5.0000e+00, -5.0000e+00, +5.0000e+00, -5.0000e+00, -5.0000e+00, -5.0000e+00, +5.0000e+00, -5.0000e+00, -5.0000e+00, -4.5770e+00, +5.0000e+00, +5.0000e+00, +5.0000e+00, -5.0000e+00, +5.0000e+00, -5.0000e+00, -5.0000e+00, +5.0000e+00, -5.0000e+00, -5.0000e+00, +5.0000e+00, +5.0000e+00, -5.0000e+00, +5.0000e+00, +5.0000e+00, -5.0000e+00, -5.0000e+00, -5.0000e+00, +5.0000e+00, -5.0000e+00, +5.0000e+00, +5.0000e+00, -5.0000e+00, -5.0000e+00, -5.0000e+00, +5.0000e+00, -5.0000e+00, +5.0000e+00, +5.0000e+00, -5.0000e+00, +2.2446e+00, +5.0000e+00, +5.0000e+00, -5.0000e+00, +5.0000e+00, +5.0000e+00, +5.0000e+00, +5.0000e+00, +5.0000e+00, -5.0000e+00, -5.0000e+00, +5.0000e+00, +1.0000e+06
 +5.0000e+00, +5.0000e+00, +5.0000e+00, -5.0000e+00, +5.0000e+00, -5.0000e+00, +5.0000e+00, -5.0000e+00, -5.0000e+00, -5.0000e+00, +5.0000e+00, -5.0000e+00, +5.0000e+00, -5.0000e+00, +5.0000e+00, -5.0000e+00, +5.0000e+00, -5.0000e+00, +5.0000e+00, -5.0000e+00, -5.0000e+00, +5.0000e+00, -5.0000e+00, +5.0000e+00, -5.0000e+00, +5.0000e+00, +5.0000e+00, -5.0000e+00, +5.0000e+00, -5.0000e+00, -5.0000e+00, +5.0000e+00, +5.0000e+00, -5.0000e+00, +5.0000e+00, +5.0000e+00, -5.0000e+00, +5.0000e+00, -5.0000e+00, +5.0000e+00, -5.0000e+00, +5.0000e+00, -5.0000e+00, -5.0000e+00, +5.0000e+00, -5.0000e+00, +5.0000e+00, -5.0000e+00, -5.0000e+00, +5.0000e+00, -5.0000e+00, +5.0000e+00, +5.0000e+00, -5.0000e+00, -5.0000e+00, +5.0000e+00, +5.0000e+00, -5.0000e+00, +5.0000e+00, -5.0000e+00, +5.0000e+00, -5.0000e+00, +5.0000e+00, +5.0000e+00, +1.0000e+06
 +5.0000e+00, +5.0000e+00, +5.0000e+00, -5.0000e+00, +5.0000e+00, -5.0000e+00, +5.0000e+00, -5.0000e+00, +5.0000e+00, -5.0000e+00, +5.0000e+00, -5.0000e+00, +5.0000e+00, -5.0000e+00, +5.0000e+00, -5.0000e+00, +5.0000e+00, -5.0000e+00, +5.0000e+00, -5.0000e+00, -5.0000e+00, +5.0000e+00, -5.0000e+00, +5.0000e+00, -5.0000e+00, +5.0000e+00, +5.0000e+00, -5.0000e+00, +5.0000e+00, -5.0000e+00, -5.0000e+00, +5.0000e+00, -5.0000e+00, -5.0000e+00, +5.0000e+00, +5.0000e+00, -5.0000e+00, +5.0000e+00, -5.0000e+00, +5.0000e+00, -5.0000e+00, +5.0000e+00, -5.0000e+00, -5.0000e+00, +5.0000e+00, -5.0000e+00, +5.0000e+00, +5.0000e+00, -5.0000e+00, +5.0000e+00, -5.0000e+00, +5.0000e+00, +5.0000e+00, -5.0000e+00, -5.0000e+00, +5.0000e+00, +5.0000e+00, -5.0000e+00, +5.0000e+00, -5.0000e+00, +5.0000e+00, -5.0000e+00, -1.4815e+00, +5.0000e+00, +1.0000e+06
 +5.0000e+00, +5.0000e+00, -5.0000e+00, -5.0000e+00, +5.0000e+00, -5.0000e+00, +5.0000e+00, -5.0000e+00, +5.0000e+00, -5.0000e+00, +5.0000e+00, -5.0000e+00, +5.0000e+00, -5.0000e+00, +5.0000e+00, -5.0000e+00, +5.0000e+00, -5.0000e+00, +5.0000e+00, -5.0000e+00, -5.0000e+00, +5.0000e+00, -5.0000e+00, +5.0000e+00, -5.0000e+00, +5.0000e+00, +5.0000e+00, -5.0000e+00, +5.0000e+00, -5.0000e+00, -5.0000e+00, +5.0000e+00, +5.0000e+00, -5.0000e+00, +5.0000e+00, +5.0000e+00, -5.0000e+00, +5.0000e+00, -5.0000e+00, +5.0000e+00, -5.0000e+00, +5.0000e+00, +1.4207e+00, -5.0000e+00, +5.0000e+00, -5.0000e+00, +5.0000e+00, -5.0000e+00, -5.0000e+00, +5.0000e+00, -5.0000e+00, +5.0000e+00, +5.0000e+00, -5.0000e+00, -5.0000e+00, +5.0000e+00, +5.0000e+00, -5.0000e+00, +5.0000e+00, -5.0000e+00, +5.0000e+00, -5.0000e+00, -5.0000e+00, +5.0000e+00, +1.0000e+06
 +5.0000e+00, +5.0000e+00, -5.0000e+00, -5.0000e+00, +5.0000e+00, -5.0000e+00, +5.0000e+00, -5.0000e+00, -5.0000e+00, +4.4865e+00, +5.0000e+00, -5.0000e+00, +5.0000e+00, -5.0000e+00, +5.0000e+00, -5.0000e+00, +5.0000e+00, -5.0000e+00, +5.0000e+00, -5.0000e+00, -5.0000e+00, +5.0000e+00, -5.0000e+00, +5.0000e+00, -5.0000e+00, +5.0000e+00, +5.0000e+00, -5.0000e+00, +5.0000e+00, -5.0000e+00, -5.0000e+00, +5.0000e+00, -5.0000e+00, -5.0000e+00, +5.0000e+00, +5.0000e+00, -5.0000e+00, +5.0000e+00, -5.0000e+00, +5.0000e+00, -5.0000e+00, +5.0000e+00, -5.0000e+00, -5.0000e+00, +5.0000e+00, -5.0000e+00, +5.0000e+00, +2.1005e+00, -5.0000e+00, +5.0000e+00, -5.0000e+00, +5.0000e+00, +5.0000e+00, -5.0000e+00, -5.0000e+00, +5.0000e+00, +5.0000e+00, -5.0000e+00, +5.0000e+00, -5.0000e+00, +5.0000e+00, -5.0000e+00, +5.0000e+00, +5.0000e+00, +1.0000e+06
 +5.0000e+00, -5.0000e+00, +5.0000e+00, -5.0000e+00, +5.0000e+00, -5.0000e+00, -5.0000e+00, +5.0000e+00, -5.0000e+00, -5.0000e+00, +5.0000e+00, -5.0000e+00, +5.0000e+00, -5.0000e+00, +5.0000e+00, -5.0000e+00, -5.0000e+00, -5.0000e+00, -5.0000e+00, +5.0000e+00, -5.0000e+00, +5.0000e+00, +5.0000e+00, -5.0000e+00, +5.0000e+00, -5.0000e+00, +5.0000e+00, -5.0000e+00, +5.0000e+00, -5.0000e+00, -5.0000e+00, +5.0000e+00, -5.0000e+00, -5.0000e+00, +5.0000e+00, -5.0000e+00, +5.0000e+00, +5.0000e+00, -5.0000e+00, +5.0000e+00, +5.0000e+00, -5.0000e+00, +5.0000e+00, -5.0000e+00, -5.0000e+00, +5.0000e+00, -5.0000e+00, -5.0000e+00, -5.0000e+00, +5.0000e+00, +5.0000e+00, -5.0000e+00, +5.0000e+00, -5.0000e+00, -5.0000e+00, +5.0000e+00, -5.0000e+00, +5.0000e+00, -5.0000e+00, +5.0000e+00, +5.0000e+00, +5.0000e+00, +5.0000e+00, -5.0000e+00, +1.0000e+06
 -5.0000e+00, -5.0000e+00, +5.0000e+00, -5.0000e+00, +5.0000e+00, -5.0000e+00, -5.0000e+00, +5.0000e+00, -5.0000e+00, -5.0000e+00, +5.0000e+00, -5.0000e+00, +5.0000e+00, -5.0000e+00, +5.0000e+00, -5.0000e+00, -5.0000e+00, +5.0000e+00, -5.0000e+00, +5.0000e+00, -5.0000e+00, +5.0000e+00, +5.0000e+00, -5.0000e+00, +5.0000e+00, -5.0000e+00, +5.0000e+00, -5.0000e+00, +5.0000e+00, -5.0000e+00, -5.0000e+00, +5.0000e+00, -5.0000e+00, -5.0000e+00, +5.0000e+00, -5.0000e+00, +5.0000e+00, +5.0000e+00, -5.0000e+00, -1.2178e+00, +5.0000e+00, -5.0000e+00, +5.0000e+00, +5.0000e+00, -5.0000e+00, +5.0000e+00, -5.0000e+00, -5.0000e+00, -5.0000e+00, +5.0000e+00, +5.0000e+00, -5.0000e+00, +5.0000e+00, -5.0000e+00, -5.0000e+00, +5.0000e+00, -5.0000e+00, +5.0000e+00, -5.0000e+00, +5.0000e+00, +5.0000e+00, +5.0000e+00, +5.0000e+00, -5.0000e+00, +1.0000e+06
 +5.0000e+00, -5.0000e+00, +5.0000e+00, -5.0000e+00, +5.0000e+00, -5.0000e+00, -5.0000e+00, +5.0000e+00, -5.0000e+00, -5.0000e+00, -5.0000e+00, -5.0000e+00, +5.0000e+00, -5.0000e+00, +5.0000e+00, -5.0000e+00, +5.0000e+00, -5.0000e+00, -5.0000e+00, +5.0000e+00, -5.0000e+00, +5.0000e+00, +5.0000e+00, -5.0000e+00, +5.0000e+00, -5.0000e+00, +5.0000e+00, -5.0000e+00, +5.0000e+00, -5.0000e+00, -5.0000e+00, +5.0000e+00, -5.0000e+00, -5.0000e+00, +5.0000e+00, -5.0000e+00, +5.0000e+00, +5.0000e+00, -5.0000e+00, -1.1414e+00, +5.0000e+00, -5.0000e+00, +5.0000e+00, +5.0000e+00, -5.0000e+00, +5.0000e+00, -5.0000e+00, -5.0000e+00, -5.0000e+00, +5.0000e+00, +5.0000e+00, -5.0000e+00, +5.0000e+00, -5.0000e+00, -5.0000e+00, +5.0000e+00, -5.0000e+00, +5.0000e+00, -5.0000e+00, +5.0000e+00, +5.0000e+00, +5.0000e+00, +5.0000e+00, -5.0000e+00, +1.0000e+06
 -1.0593e+00, -5.0000e+00, -5.0000e+00, -5.0000e+00, +5.0000e+00, -5.0000e+00, -5.0000e+00, +5.0000e+00, -5.0000e+00, -5.0000e+00, +5.0000e+00, -5.0000e+00, +5.0000e+00, -5.0000e+00, +5.0000e+00, -5.0000e+00, +5.0000e+00, +5.0000e+00, -5.0000e+00, +5.0000e+00, -5.0000e+00, +5.0000e+00, +5.0000e+00, -5.0000e+00, +5.0000e+00, -5.0000e+00, +5.0000e+00, -5.0000e+00, +5.0000e+00, -5.0000e+00, -5.0000e+00, +5.0000e+00, -5.0000e+00, -5.0000e+00, +5.0000e+00, -5.0000e+00, +5.0000e+00, +5.0000e+00, -5.0000e+00, +5.0000e+00, +5.0000e+00, -5.0000e+00, +5.0000e+00, -5.0000e+00, -5.0000e+00, +5.0000e+00, -5.0000e+00, -5.0000e+00, -5.0000e+00, +5.0000e+00, +5.0000e+00, -5.0000e+00, +5.0000e+00, -5.0000e+00, -5.0000e+00, +5.0000e+00, -5.0000e+00, +5.0000e+00, -5.0000e+00, +5.0000e+00, +5.0000e+00, +5.0000e+00, +5.0000e+00, -5.0000e+00, +1.0000e+06
 -5.0000e+00, -5.0000e+00, +5.0000e+00, -5.0000e+00, +5.0000e+00, +5.0000e+00, +5.0000e+00, -5.0000e+00, -5.0000e+00, +5.0000e+00, +5.0000e+00, -5.0000e+00, -5.0000e+00, -8.7321e-01, +5.0000e+00, -5.0000e+00, +5.0000e+00, -5.0000e+00, -5.0000e+00, +5.0000e+00, -5.0000e+00, +5.0000e+00, -5.0000e+00, -5.0000e+00, -5.0000e+00, -5.0000e+00, -5.0000e+00, +5.0000e+00, -5.0000e+00, +5.0000e+00, +5.0000e+00, +5.0000e+00, +5.0000e+00, -5.0000e+00, -5.0000e+00, -5.0000e+00, -5.0000e+00, +5.0000e+00, +5.0000e+00, +5.0000e+00, -5.0000e+00, +5.0000e+00, -5.0000e+00, +5.0000e+00, +5.0000e+00, +5.0000e+00, +5.0000e+00, -5.0000e+00, +5.0000e+00, -5.0000e+00, +5.0000e+00, -5.0000e+00, +5.0000e+00, +5.0000e+00, -5.0000e+00, -5.0000e+00, +5.0000e+00, +5.0000e+00, -5.0000e+00, +5.0000e+00, -5.0000e+00, +5.0000e+00, -5.0000e+00, +5.0000e+00, +1.0000e+06
 +4.4487e+00, -5.0000e+00, -5.0000e+00, +5.0000e+00, -5.0000e+00, -5.0000e+00, -5.0000e+00, +5.0000e+00, -5.0000e+00, +5.0000e+00, -5.0000e+00, +5.0000e+00, -5.0000e+00, -5.0000e+00, -5.0000e+00, -5.0000e+00, +5.0000e+00, -5.0000e+00, -5.0000e+00, -5.0000e+00, +5.0000e+00, +5.0000e+00, -5.0000e+00, +5.0000e+00, -5.0000e+00, +5.0000e+00, +5.0000e+00, -5.0000e+00, +5.0000e+00, +5.0000e+00, -5.0000e+00, +5.0000e+00, +5.0000e+00, -5.0000e+00, -5.0000e+00, +1.8230e+00, +5.0000e+00, -5.0000e+00, +5.0000e+00, -5.0000e+00, +5.0000e+00, +5.0000e+00, -5.0000e+00, +5.0000e+00, -5.0000e+00, -5.0000e+00, +5.0000e+00, +5.0000e+00, +5.0000e+00, -5.0000e+00, +5.0000e+00, -5.0000e+00, +5.0000e+00, -5.0000e+00, +5.0000e+00, -5.0000e+00, +5.0000e+00, -5.0000e+00, -5.0000e+00, +5.0000e+00, +5.0000e+00, +5.0000e+00, -5.0000e+00, +5.0000e+00, +1.0000e+06
 -5.0000e+00, +5.0000e+00, -2.2102e+00, -5.0000e+00, +5.0000e+00, -5.0000e+00, -5.0000e+00, -5.0000e+00, +5.0000e+00, +5.0000e+00, -5.0000e+00, -5.0000e+00, -5.0000e+00, -5.0000e+00, +5.0000e+00, -5.0000e+00, -5.0000e+00, -5.0000e+00, +5.0000e+00, -5.0000e+00, -5.0000e+00, +5.0000e+00, +5.0000e+00, +5.0000e+00, +5.0000e+00, -5.0000e+00, +5.0000e+00, -5.0000e+00, -5.0000e+00, +5.0000e+00, -5.0000e+00, -5.0000e+00, +5.0000e+00, +5.0000e+00, -5.0000e+00, +5.0000e+00, +5.0000e+00, -5.0000e+00, -5.0000e+00, -5.0000e+00, +5.0000e+00, -5.0000e+00, +5.0000e+00, -4.5660e+00, -5.0000e+00, +5.0000e+00, -5.0000e+00, +5.0000e+00, -5.0000e+00, +5.0000e+00, +5.0000e+00, -5.0000e+00, -5.0000e+00, +5.0000e+00, +5.0000e+00, -5.0000e+00, +5.0000e+00, +5.0000e+00, +5.0000e+00, +5.0000e+00, +5.0000e+00, -5.0000e+00, -5.0000e+00, +5.0000e+00, +1.0000e+06
 -1.0689e-01, -2.1264e-01, -3.1726e-01, -4.2076e-01, -5.2315e-01, -6.2445e-01, -7.2467e-01, -8.2381e-01, -9.2190e-01, -1.0189e+00, -1.1149e+00, -1.2099e+00, -1.3039e+00, -1.3968e+00, -1.4888e+00, -1.5798e+00, -1.6698e+00, -1.7588e+00, -1.8469e+00, -1.9341e+00, -2.0203e+00, -2.1056e+00, -2.1900e+00, -2.2734e+00, -2.3560e+00, -2.4377e+00, -2.5186e+00, -2.5985e+00, -2.6777e+00, -2.7559e+00, -2.8334e+00, -2.9100e+00, -2.9857e+00, -3.0607e+00, -3.1349e+00, -3.2083e+00, -3.2809e+00, -3.3527e+00, -3.4238e+00, -3.4940e+00, -3.5636e+00, -3.6324e+00, -3.7005e+00, -3.7678e+00, -3.8344e+00, -3.9003e+00, -3.9655e+00, -4.0300e+00, -4.0938e+00, -4.1570e+00, -4.2194e+00, -4.2812e+00, -4.3423e+00, -4.4028e+00, -4.4626e+00, -4.5218e+00, -4.5804e+00, -4.6383e+00, -4.6956e+00, -4.7523e+00, -4.8084e+00, -4.8639e+00, -4.9188e+00, -4.9731e+00, +1.0000e+06
 -4.0619e+00, +1.9197e+00, -2.0558e+00, +4.0111e+00, +1.2017e-01, -3.7292e+00, +2.4626e+00, -1.3050e+00, +4.9678e+00, +1.2804e+00, -2.3676e+00, +4.0234e+00, +4.5294e-01, -3.0793e+00, +3.4262e+00, -3.0978e-02, -3.4512e+00, +3.1652e+00, -1.8228e-01, -3.4940e+00, +3.2297e+00, -1.1532e-02, -3.2182e+00, +3.6095e+00, +4.7106e-01, -2.6338e+00, +4.2945e+00, +1.2556e+00, -1.7508e+00, -4.7250e+00, +2.3325e+00, -5.7849e-01, -3.4584e+00, +3.6925e+00, +8.7387e-01, -1.9146e+00, -4.6734e+00, +2.5974e+00, -1.0264e-01, -2.7738e+00, +4.5835e+00, +1.9691e+00, -6.1730e-01, -3.1761e+00, +4.2925e+00, +1.7881e+00, -6.8955e-01, -3.1407e+00, +4.4344e+00, +2.0354e+00, -3.3801e-01, -2.6860e+00, +4.9911e+00, +2.6930e+00, +4.1951e-01, -1.8297e+00, -4.0549e+00, +3.7438e+00, +1.5659e+00, -5.8866e-01, -2.7202e+00, -4.8289e+00, +3.0848e+00, +1.0209e+00, +1.0000e+06
 -1.8172e+00, -3.6149e+00, +4.6066e+00, +2.8471e+00, +1.1064e+00, -6.1570e-01, -2.3194e+00, -4.0049e+00, +4.3277e+00, +2.6781e+00, +1.0461e+00, -5.6849e-01, -2.1658e+00, -3.7460e+00, +4.6907e+00, +3.1440e+00, +1.6139e+00, +1.0021e-01, -1.3973e+00, -2.8789e+00, -4.3446e+00, +4.2054e+00, +2.7708e+00, +1.3516e+00, -5.2419e-02, -1.4414e+00, -2.8156e+00, -4.1751e+00, +4.4799e+00, +3.1493e+00, +1.8330e+00, +5.3068e-01, -7.5769e-01, -2.0323e+00, -3.2933e+00, -4.5408e+00, +4.2251e+00, +3.0041e+00, +1.7962e+00, +6.0118e-01, -5.8105e-01, -1.7506e+00, -2.9077e+00, -4.0525e+00, +4.8150e+00, +3.6947e+00, +2.5863e+00, +1.4897e+00, +4.0485e-01, -6.6839e-01, -1.7302e+00, -2.7806e+00, -3.8198e+00, -4.8479e+00, +4.1350e+00, +3.1288e+00, +2.1334e+00, +1.1485e+00, +1.7422e-01, -7.8966e-01, -1.7432e+00, -2.6866e+00, -3.6199e+00, -4.5433e+00, +1.0000e+06
 -1.7103e+00, -3.4022e+00, +4.9239e+00, +3.2679e+00, +1.6295e+00, +8.7559e-03, -1.5947e+00, -3.1810e+00, -4.7504e+00, +3.6970e+00, +2.1610e+00, +6.4142e-01, -8.6192e-01, -2.3492e+00, -3.8206e+00, +4.7238e+00, +3.2837e+00, +1.8590e+00, +4.4956e-01, -9.4483e-01, -2.3243e+00, -3.6891e+00, +4.9608e+00, +3.6251e+00, +2.3036e+00, +9.9628e-01, -2.9706e-01, -1.5766e+00, -2.8424e+00, -4.0947e+00, +4.6663e+00, +3.4406e+00, +2.2281e+00, +1.0284e+00, -1.5837e-01, -1.3325e+00, -2.4940e+00, -3.6432e+00, -4.7801e+00, +4.0952e+00, +2.9825e+00, +1.8817e+00, +7.9271e-01, -2.8467e-01, -1.3505e+00, -2.4050e+00, -3.4482e+00, -4.4803e+00, +4.4987e+00, +3.4886e+00, +2.4893e+00, +1.5006e+00, +5.2256e-01, -4.4504e-01, -1.4023e+00, -2.3493e+00, -3.2863e+00, -4.2132e+00, +4.8699e+00, +3.9627e+00, +3.0652e+00, +2.1773e+00, +1.2989e+00, +4.2986e-01, +1.0000e+06
 -1.6034e+00, -3.1896e+00, -4.7589e+00, +3.6886e+00, +2.1527e+00, +6.3321e-01, -8.7004e-01, -2.3572e+00, -3.8285e+00, +4.7159e+00, +3.2759e+00, +1.8513e+00, +4.4195e-01, -9.5236e-01, -2.3318e+00, -3.6964e+00, +4.9535e+00, +3.6178e+00, +2.2965e+00, +9.8922e-01, -3.0405e-01, -1.5835e+00, -2.8493e+00, -4.1015e+00, +4.6596e+00, +3.4340e+00, +2.2215e+00, +1.0219e+00, -1.6478e-01, -1.3388e+00, -2.5003e+00, -3.6494e+00, -4.7862e+00, +4.0892e+00, +2.9765e+00, +1.8758e+00, +7.8683e-01, -2.9050e-01, -1.3563e+00, -2.4107e+00, -3.4539e+00, -4.4859e+00, +4.4932e+00, +3.4831e+00, +2.4839e+00, +1.4953e+00, +5.1728e-01, -4.5027e-01, -1.4075e+00, -2.3545e+00, -3.2913e+00, -4.2182e+00, +4.8649e+00, +3.9578e+00, +3.0603e+00, +2.1725e+00, +1.2941e+00, +4.2517e-01, -4.3451e-01, -1.2850e+00, -2.1264e+00, -2.9588e+00, -3.7823e+00, -4.5970e+00, +1.0000e+06
 -1.4965e+00, -2.9770e+00, -4.4416e+00, +4.1094e+00, +2.6759e+00, +1.2577e+00, -1.4537e-01, -1.5334e+00, -2.9066e+00, -4.2651e+00, +4.3909e+00, +3.0612e+00, +1.7458e+00, +4.4446e-01, -8.4299e-01, -2.1167e+00, -3.3767e+00, -4.6234e+00, +4.1434e+00, +2.9233e+00, +1.7162e+00, +5.2207e-01, -6.5932e-01, -1.8281e+00, -2.9843e+00, -4.1283e+00, +4.7401e+00, +3.6205e+00, +2.5129e+00, +1.4171e+00, +3.3303e-01, -7.3944e-01, -1.8005e+00, -2.8501e+00, -3.8886e+00, -4.9159e+00, +4.0677e+00, +3.0622e+00, +2.0674e+00, +1.0833e+00, +1.0972e-01, -8.5347e-01, -1.8064e+00, -2.7491e+00, -3.6817e+00, -4.6044e+00, +4.4828e+00, +3.5797e+00, +2.6863e+00, +1.8025e+00, +9.2810e-01, +6.3050e-02, -7.9276e-01, -1.6394e+00, -2.4770e+00, -3.3057e+00, -4.1255e+00, -4.9365e+00, +4.2611e+00, +3.4673e+00, +2.6820e+00, +1.9051e+00, +1.1365e+00, +3.7613e-01, +1.0000e+06
 -1.3896e+00, -2.7643e+00, -4.1244e+00, +4.5301e+00, +3.1990e+00, +1.8821e+00, +5.7930e-01, -7.0959e-01, -1.9847e+00, -3.2462e+00, -4.4942e+00, +4.2712e+00, +3.0497e+00, +1.8413e+00, +6.4580e-01, -5.3691e-01, -1.7070e+00, -2.8645e+00, -4.0097e+00, +4.8573e+00, +3.7365e+00, +2.6276e+00, +1.5306e+00, +4.4536e-01, -6.2832e-01, -1.6905e+00, -2.7414e+00, -3.7810e+00, -4.8095e+00, +4.1730e+00, +3.1664e+00, +2.1705e+00, +1.1853e+00, +2.1060e-01, -7.5368e-01, -1.7076e+00, -2.6514e+00, -3.5851e+00, -4.5088e+00, +4.5774e+00, +3.6733e+00, +2.7789e+00, +1.8941e+00, +1.0187e+00, +1.5268e-01, -7.0408e-01, -1.5517e+00, -2.3902e+00, -3.2198e+00, -4.0405e+00, -4.8525e+00, +4.3443e+00, +3.5496e+00, +2.7634e+00, +1.9856e+00, +1.2162e+00, +4.5492e-01, -2.9819e-01, -1.0432e+00, -1.7803e+00, -2.5095e+00, -3.2310e+00, -3.9447e+00, -4.6507e+00, +1.0000e+06
 -1.2827e+00, -2.5517e+00, -3.8071e+00, +4.9509e+00, +3.7222e+00, +2.5066e+00, +1.3040e+00, +1.1422e-01, -1.0628e+00, -2.2273e+00, -3.3793e+00, -4.5189e+00, +4.3536e+00, +3.2381e+00, +2.1346e+00, +1.0428e+00, -3.7213e-02, -1.1057e+00, -2.1628e+00, -3.2086e+00, -4.2432e+00, +4.7332e+00, +3.7206e+00, +2.7188e+00, +1.7277e+00, +7.4721e-01, -2.2280e-01, -1.1824e+00, -2.1318e+00, -3.0711e+00, -4.0003e+00, -4.9195e+00, +4.1710e+00, +3.2713e+00, +2.3812e+00, +1.5006e+00, +6.2946e-01, -2.3240e-01, -1.0850e+00, -1.9286e+00, -2.7631e+00, -3.5887e+00, -4.4055e+00, +4.7865e+00, +3.9871e+00, +3.1962e+00, +2.4138e+00, +1.6398e+00, +8.7401e-01, +1.1643e-01, -6.3305e-01, -1.3745e+00, -2.1081e+00, -2.8338e+00, -3.5517e+00, -4.2620e+00, -4.9647e+00, +4.3401e+00, +3.6524e+00, +2.9720e+00, +2.2989e+00, +1.6330e+00, +9.7416e-01, +3.2240e-01, +1.0000e+06
 -1.1758e+00, -2.3390e+00, -3.4898e+00, -4.6284e+00, +4.2453e+00, +3.1310e+00, +2.0286e+00, +9.3804e-01, -1.4091e-01, -1.2083e+00, -2.2643e+00, -3.3090e+00, -4.3426e+00, +4.6349e+00, +3.6234e+00, +2.6226e+00, +1.6326e+00, +6.5308e-01, -3.1592e-01, -1.2746e+00, -2.2230e+00, -3.1612e+00, -4.0895e+00, +4.9922e+00, +4.0837e+00, +3.1849e+00, +2.2958e+00, +1.4161e+00, +5.4583e-01, -3.1514e-01, -1.1669e+00, -2.0096e+00, -2.8432e+00, -3.6680e+00, -4.4839e+00, +4.7089e+00, +3.9103e+00, +3.1203e+00, +2.3387e+00, +1.5655e+00, +8.0050e-01, +4.3699e-02, -7.0501e-01, -1.4457e+00, -2.1785e+00, -2.9035e+00, -3.6207e+00, -4.3302e+00, +4.9678e+00, +4.2734e+00, +3.5864e+00, +2.9067e+00, +2.2343e+00, +1.5690e+00, +9.1091e-01, +2.5982e-01, -3.8430e-01, -1.0215e+00, -1.6520e+00, -2.2757e+00, -2.8927e+00, -3.5031e+00, -4.1070e+00, -4.7045e+00, +1.0000e+06
 -1.9240e+00, -3.8275e+00, +4.2893e+00, +2.4263e+00, +5.8324e-01, -1.2401e+00, -3.0440e+00, -4.8287e+00, +3.4058e+00, +1.6591e+00, -6.8877e-02, -1.7784e+00, -3.4697e+00, +4.8572e+00, +3.2019e+00, +1.5643e+00, -5.5820e-02, -1.6586e+00, -3.2442e+00, -4.8129e+00, +3.6351e+00, +2.0998e+00, +5.8087e-01, -9.2182e-01, -2.4084e+00, -3.8792e+00, +4.6658e+00, +3.2263e+00, +1.8023e+00, +3.9341e-01, -1.0004e+00, -2.3793e+00, -3.7434e+00, +4.9070e+00, +3.5718e+00, +2.2510e+00, +9.4420e-01, -3.4859e-01, -1.6276e+00, -2.8929e+00, -4.1446e+00, +4.6170e+00, +3.3918e+00, +2.1797e+00, +9.8063e-01, -2.0565e-01, -1.3793e+00, -2.5403e+00, -3.6890e+00, -4.8254e+00, +4.0504e+00, +2.9382e+00, +1.8379e+00, +7.4932e-01, -3.2760e-01, -1.3930e+00, -2.4470e+00, -3.4898e+00, -4.5214e+00, +4.4580e+00, +3.4483e+00, +2.4494e+00, +1.4612e+00, +4.8360e-01, +1.0000e+06
 -1.0689e+00, -2.1264e+00, -3.1726e+00, -4.2076e+00, +4.7685e+00, +3.7555e+00, +2.7533e+00, +1.7619e+00, +7.8100e-01, -1.8938e-01, -1.1494e+00, -2.0991e+00, -3.0387e+00, -3.9682e+00, -4.8878e+00, +4.2024e+00, +3.3023e+00, +2.4119e+00, +1.5310e+00, +6.5948e-01, -2.0270e-01, -1.0557e+00, -1.8995e+00, -2.7343e+00, -3.5602e+00, -4.3773e+00, +4.8143e+00, +4.0146e+00, +3.2235e+00, +2.4408e+00, +1.6665e+00, +9.0040e-01, +1.4253e-01, -6.0723e-01, -1.3490e+00, -2.0828e+00, -2.8088e+00, -3.5270e+00, -4.2375e+00, -4.9405e+00, +4.3641e+00, +3.6761e+00, +2.9954e+00, +2.3221e+00, +1.6559e+00, +9.9686e-01, +3.4485e-01, -3.0018e-01, -9.3832e-01, -1.5696e+00, -2.1942e+00, -2.8121e+00, -3.4234e+00, -4.0282e+00, -4.6264e+00, +4.7817e+00, +4.1961e+00, +3.6168e+00, +3.0437e+00, +2.4767e+00, +1.9157e+00, +1.3608e+00, +8.1180e-01, +2.6866e-01, +1.0000e+06
 -8.5513e-01, -1.7011e+00, -2.5381e+00, -3.3661e+00, -4.1852e+00, -4.9956e+00, +4.2026e+00, +3.4095e+00, +2.6248e+00, +1.8485e+00, +1.0805e+00, +3.2071e-01, -4.3096e-01, -1.1746e+00, -1.9103e+00, -2.6381e+00, -3.3581e+00, -4.0705e+00, -4.7752e+00, +4.5276e+00, +3.8378e+00, +3.1555e+00, +2.4804e+00, +1.8125e+00, +1.1518e+00, +4.9814e-01, -1.4853e-01, -7.8829e-01, -1.4212e+00, -2.0474e+00, -2.6668e+00, -3.2797e+00, -3.8860e+00, -4.4858e+00, +4.9208e+00, +4.3338e+00, +3.7530e+00, +3.1784e+00, +2.6100e+00, +2.0476e+00, +1.4913e+00, +9.4087e-01, +3.9636e-01, -1.4234e-01, -6.7527e-01, -1.2025e+00, -1.7241e+00, -2.2401e+00, -2.7507e+00, -3.2557e+00, -3.7554e+00, -4.2497e+00, -4.7387e+00, +4.7775e+00, +4.2988e+00, +3.8253e+00, +3.3569e+00, +2.8934e+00, +2.4349e+00, +1.9813e+00, +1.5326e+00, +1.0886e+00, +6.4944e-01, +2.1493e-01, +1.0000e+06
 -7.4824e-01, -1.4885e+00, -2.2208e+00, -2.9453e+00, -3.6621e+00, -4.3712e+00, +4.9273e+00, +4.2333e+00, +3.5467e+00, +2.8674e+00, +2.1954e+00, +1.5306e+00, +8.7291e-01, +2.2223e-01, -4.2149e-01, -1.0583e+00, -1.6884e+00, -2.3117e+00, -2.9283e+00, -3.5384e+00, -4.1419e+00, -4.7390e+00, +4.6703e+00, +4.0860e+00, +3.5078e+00, +2.9359e+00, +2.3700e+00, +1.8102e+00, +1.2564e+00, +7.0855e-01, +1.6652e-01, -3.6972e-01, -9.0023e-01, -1.4251e+00, -1.9443e+00, -2.4580e+00, -2.9661e+00, -3.4689e+00, -3.9663e+00, -4.4583e+00, -4.9451e+00, +4.5733e+00, +4.0968e+00, +3.6255e+00, +3.1591e+00, +2.6978e+00, +2.2414e+00, +1.7899e+00, +1.3432e+00, +9.0125e-01, +4.6405e-01, +3.1525e-02, -3.9638e-01, -8.1971e-01, -1.2385e+00, -1.6528e+00, -2.0627e+00, -2.4683e+00, -2.8694e+00, -3.2663e+00, -3.6590e+00, -4.0474e+00, -4.4317e+00, -4.8119e+00, +1.0000e+06
 -6.4135e-01, -1.2758e+00, -1.9036e+00, -2.5246e+00, -3.1389e+00, -3.7467e+00, -4.3480e+00, -4.9429e+00, +4.4686e+00, +3.8864e+00, +3.3104e+00, +2.7405e+00, +2.1768e+00, +1.6191e+00, +1.0673e+00, +5.2142e-01, -1.8607e-02, -5.5287e-01, -1.0814e+00, -1.6043e+00, -2.1216e+00, -2.6334e+00, -3.1397e+00, -3.6406e+00, -4.1361e+00, -4.6264e+00, +4.8886e+00, +4.4088e+00, +3.9341e+00, +3.4645e+00, +2.9999e+00, +2.5402e+00, +2.0855e+00, +1.6357e+00, +1.1906e+00, +7.5032e-01, +3.1473e-01, -1.1620e-01, -5.4252e-01, -9.6429e-01, -1.3815e+00, -1.7943e+00, -2.2027e+00, -2.6068e+00, -3.0065e+00, -3.4019e+00, -3.7931e+00, -4.1801e+00, -4.5630e+00, -4.9418e+00, +4.6835e+00, +4.3127e+00, +3.9460e+00, +3.5831e+00, +3.2241e+00, +2.8690e+00, +2.5177e+00, +2.1701e+00, +1.8262e+00, +1.4860e+00, +1.1494e+00, +8.1648e-01, +4.8708e-01, +1.6120e-01, +1.0000e+06
 -5.3446e-01, -1.0632e+00, -1.5863e+00, -2.1038e+00, -2.6158e+00, -3.1223e+00, -3.6233e+00, -4.1191e+00, -4.6095e+00, +4.9053e+00, +4.4253e+00, +3.9504e+00, +3.4807e+00, +3.0159e+00, +2.5561e+00, +2.1012e+00, +1.6512e+00, +1.2059e+00, +7.6549e-01, +3.2974e-01, -1.0135e-01, -5.2783e-01, -9.4976e-01, -1.3672e+00, -1.7801e+00, -2.1887e+00, -2.5928e+00, -2.9927e+00, -3.3883e+00, -3.7796e+00, -4.1668e+00, -4.5498e+00, -4.9287e+00, +4.6964e+00, +4.3255e+00, +3.9586e+00, +3.5956e+00, +3.2365e+00, +2.8812e+00, +2.5298e+00, +2.1820e+00, +1.8380e+00, +1.4977e+00, +1.1610e+00, +8.2795e-01, +4.9843e-01, +1.7243e-01, -1.5009e-01, -4.6916e-01, -7.8482e-01, -1.0971e+00, -1.4061e+00, -1.7117e+00, -2.0141e+00, -2.3132e+00, -2.6092e+00, -2.9020e+00, -3.1916e+00, -3.4782e+00, -3.7617e+00, -4.0421e+00, -4.3196e+00, -4.5941e+00, -4.8657e+00, +1.0000e+06
 -4.2757e-01, -8.5056e-01, -1.2690e+00, -1.6830e+00, -2.0926e+00, -2.4978e+00, -2.8987e+00, -3.2953e+00, -3.6876e+00, -4.0758e+00, -4.4598e+00, -4.8396e+00, +4.7845e+00, +4.4127e+00, +4.0449e+00, +3.6809e+00, +3.3209e+00, +2.9648e+00, +2.6124e+00, +2.2638e+00, +1.9189e+00, +1.5777e+00, +1.2402e+00, +9.0626e-01, +5.7590e-01, +2.4907e-01, -7.4266e-02, -3.9415e-01, -7.1061e-01, -1.0237e+00, -1.3334e+00, -1.6398e+00, -1.9430e+00, -2.2429e+00, -2.5396e+00, -2.8331e+00, -3.1235e+00, -3.4108e+00, -3.6950e+00, -3.9762e+00, -4.2544e+00, -4.5296e+00, -4.8018e+00, +4.9288e+00, +4.6624e+00, +4.3987e+00, +4.1379e+00, +3.8799e+00, +3.6247e+00, +3.3721e+00, +3.1223e+00, +2.8752e+00, +2.6306e+00, +2.3887e+00, +2.1494e+00, +1.9127e+00, +1.6784e+00, +1.4467e+00, +1.2175e+00, +9.9067e-01, +7.6630e-01, +5.4432e-01, +3.2472e-01, +1.0747e-01, +1.0000e+06
 -3.2067e-01, -6.3792e-01, -9.5178e-01, -1.2623e+00, -1.5695e+00, -1.8734e+00, -2.1740e+00, -2.4714e+00, -2.7657e+00, -3.0568e+00, -3.3448e+00, -3.6297e+00, -3.9116e+00, -4.1905e+00, -4.4664e+00, -4.7393e+00, +4.9907e+00, +4.7236e+00, +4.4593e+00, +4.1978e+00, +3.9392e+00, +3.6833e+00, +3.4301e+00, +3.1797e+00, +2.9319e+00, +2.6868e+00, +2.4443e+00, +2.2044e+00, +1.9670e+00, +1.7322e+00, +1.4999e+00, +1.2701e+00, +1.0428e+00, +8.1783e-01, +5.9531e-01, +3.7516e-01, +1.5737e-01, -5.8099e-02, -2.7126e-01, -4.8214e-01, -6.9077e-01, -8.9717e-01, -1.1014e+00, -1.3034e+00, -1.5032e+00, -1.7009e+00, -1.8965e+00, -2.0901e+00, -2.2815e+00, -2.4709e+00, -2.6583e+00, -2.8436e+00, -3.0270e+00, -3.2084e+00, -3.3879e+00, -3.5655e+00, -3.7412e+00, -3.9150e+00, -4.0869e+00, -4.2570e+00, -4.4253e+00, -4.5918e+00, -4.7565e+00, -4.9194e+00, +1.0000e+06
 -2.1378e-01, -4.2528e-01, -6.3452e-01, -8.4152e-01, -1.0463e+00, -1.2489e+00, -1.4493e+00, -1.6476e+00, -1.8438e+00, -2.0379e+00, -2.2299e+00, -2.4198e+00, -2.6077e+00, -2.7936e+00, -2.9776e+00, -3.1595e+00, -3.3395e+00, -3.5176e+00, -3.6938e+00, -3.8681e+00, -4.0405e+00, -4.2111e+00, -4.3799e+00, -4.5469e+00, -4.7120e+00, -4.8755e+00, +4.9629e+00, +4.8029e+00, +4.6447e+00, +4.4882e+00, +4.3333e+00, +4.1801e+00, +4.0285e+00, +3.8786e+00, +3.7302e+00, +3.5834e+00, +3.4382e+00, +3.2946e+00, +3.1525e+00, +3.0119e+00, +2.8728e+00, +2.7352e+00, +2.5991e+00, +2.4644e+00, +2.3312e+00, +2.1994e+00, +2.0690e+00, +1.9400e+00, +1.8123e+00, +1.6861e+00, +1.5612e+00, +1.4376e+00, +1.3153e+00, +1.1944e+00, +1.0747e+00, +9.5633e-01, +8.3922e-01, +7.2336e-01, +6.0873e-01, +4.9533e-01, +3.8315e-01, +2.7216e-01, +1.6236e-01, +5.3733e-02, +1.0000e+06
 -9.6202e-01, -1.9138e+00, -2.8553e+00, -3.7868e+00, -4.7084e+00, +4.3799e+00, +3.4780e+00, +2.5857e+00, +1.7029e+00, +8.2956e-01, -3.4438e-02, -8.8920e-01, -1.7348e+00, -2.5714e+00, -3.3991e+00, -4.2179e+00, +4.9721e+00, +4.1707e+00, +3.3779e+00, +2.5935e+00, +1.8176e+00, +1.0499e+00, +2.9044e-01, -4.6091e-01, -1.2042e+00, -1.9396e+00, -2.6671e+00, -3.3868e+00, -4.0989e+00, -4.8033e+00, +4.4998e+00, +3.8104e+00, +3.1283e+00, +2.4535e+00, +1.7859e+00, +1.1255e+00, +4.7210e-01, -1.7430e-01, -8.1378e-01, -1.4464e+00, -2.0723e+00, -2.6915e+00, -3.3041e+00, -3.9101e+00, -4.5097e+00, +4.8972e+00, +4.3104e+00, +3.7298e+00, +3.1555e+00, +2.5873e+00, +2.0252e+00, +1.4691e+00, +9.1894e-01, +3.7466e-01, -1.6380e-01, -6.9651e-01, -1.2235e+00, -1.7449e+00, -2.2607e+00, -2.7710e+00, -3.2758e+00, -3.7753e+00, -4.2694e+00, -4.7582e+00, +1.0000e+06
 -4.1688e+00, +1.7070e+00, -2.3731e+00, +3.5904e+00, -4.0298e-01, -4.3537e+00, +1.7379e+00, -2.1288e+00, +4.0459e+00, +2.6143e-01, -3.4826e+00, +2.8135e+00, -8.5093e-01, -4.4761e+00, +1.9374e+00, -1.6107e+00, +4.8791e+00, +1.4064e+00, -2.0292e+00, +4.5720e+00, +1.2095e+00, -2.1171e+00, +4.5919e+00, +1.3361e+00, -1.8850e+00, +4.9284e+00, +1.7759e+00, -1.3429e+00, -4.4284e+00, +2.5191e+00, -5.0084e-01, -3.4884e+00, +3.5559e+00, +6.3180e-01, -2.2610e+00, +4.8771e+00, +2.0458e+00, -7.5529e-01, -3.5264e+00, +3.7321e+00, +1.0199e+00, -1.6633e+00, -4.3178e+00, +3.0561e+00, +4.5804e-01, -2.1123e+00, -4.6551e+00, +2.8293e+00, +3.4054e-01, -2.1216e+00, -4.5574e+00, +3.0328e+00, +6.4875e-01, -1.7098e+00, -4.0431e+00, +3.6485e+00, +1.3647e+00, -8.9456e-01, -3.1297e+00, +4.6590e+00, +2.4714e+00, +3.0713e-01, -1.8340e+00, -3.9522e+00, +1.0000e+06
 -2.0309e+00, -4.0402e+00, +3.9721e+00, +2.0056e+00, +6.0087e-02, -1.8646e+00, -3.7687e+00, +4.3475e+00, +2.4839e+00, +6.4018e-01, -1.1838e+00, -2.9883e+00, -4.7735e+00, +3.4603e+00, +1.7131e+00, -1.5489e-02, -1.7256e+00, -3.4174e+00, +4.9089e+00, +3.2530e+00, +1.6149e+00, -5.7659e-03, -1.6091e+00, -3.1953e+00, -4.7645e+00, +3.6831e+00, +2.1472e+00, +6.2780e-01, -8.7539e-01, -2.3625e+00, -3.8337e+00, +4.7108e+00, +3.2708e+00, +1.8463e+00, +4.3694e-01, -9.5732e-01, -2.3367e+00, -3.7013e+00, +4.9487e+00, +3.6131e+00, +2.2918e+00, +9.8457e-01, -3.0865e-01, -1.5881e+00, -2.8538e+00, -4.1060e+00, +4.6552e+00, +3.4297e+00, +2.2172e+00, +1.0177e+00, -1.6900e-01, -1.3430e+00, -2.5045e+00, -3.6535e+00, -4.7902e+00, +4.0852e+00, +2.9726e+00, +1.8719e+00, +7.8296e-01, -2.9433e-01, -1.3601e+00, -2.4145e+00, -3.4576e+00, -4.4895e+00, +1.0000e+06
 -2.2447e+00, -4.4654e+00, +3.3376e+00, +1.1641e+00, -9.8622e-01, -3.1135e+00, +4.7819e+00, +2.6999e+00, +6.4009e-01, -1.3977e+00, -3.4137e+00, +4.5919e+00, +2.6187e+00, +6.6669e-01, -1.2645e+00, -3.1750e+00, +4.9349e+00, +3.0650e+00, +1.2151e+00, -6.1509e-01, -2.4257e+00, -4.2169e+00, +4.0110e+00, +2.2579e+00, +5.2348e-01, -1.1924e+00, -2.8899e+00, -4.5693e+00, +3.7693e+00, +2.1256e+00, +4.9955e-01, -1.1092e+00, -2.7007e+00, -4.2752e+00, +4.1671e+00, +2.6261e+00, +1.1016e+00, -4.0669e-01, -1.8988e+00, -3.3750e+00, -4.8354e+00, +3.7198e+00, +2.2904e+00, +8.7636e-01, -5.2259e-01, -1.9066e+00, -3.2758e+00, -4.6304e+00, +4.0295e+00, +2.7038e+00, +1.3922e+00, +9.4575e-02, -1.1891e+00, -2.4591e+00, -3.7155e+00, -4.9585e+00, +3.8118e+00, +2.5952e+00, +1.3917e+00, +2.0101e-01, -9.7695e-01, -2.1423e+00, -3.2952e+00, -4.4358e+00, +1.0000e+06
 -3.9550e+00, +2.1323e+00, -1.7386e+00, +4.4319e+00, +6.4333e-01, -3.1048e+00, +3.1872e+00, -4.8115e-01, -4.1103e+00, +2.2993e+00, -1.2527e+00, -4.7667e+00, +1.7568e+00, -1.6825e+00, +4.9150e+00, +1.5488e+00, -1.7814e+00, +4.9240e+00, +1.6646e+00, -1.5599e+00, -4.7500e+00, +2.0940e+00, -1.0282e+00, -4.1171e+00, +2.8271e+00, -1.9609e-01, -3.1870e+00, +3.8541e+00, +9.2687e-01, -1.9691e+00, -4.8341e+00, +2.3315e+00, -4.7263e-01, -3.2468e+00, +4.0088e+00, +1.2936e+00, -1.3925e+00, -4.0499e+00, +3.3211e+00, +7.2022e-01, -1.8529e+00, -4.3985e+00, +3.0832e+00, +5.9169e-01, -1.8731e+00, -4.3116e+00, +3.2760e+00, +8.8933e-01, -1.4718e+00, -3.8077e+00, +3.8814e+00, +1.5952e+00, -6.6657e-01, -2.9042e+00, +4.8822e+00, +2.6921e+00, +5.2553e-01, -1.6179e+00, -3.7385e+00, +4.1637e+00, +2.0882e+00, +3.4972e-02, -1.9963e+00, -4.0059e+00, +1.0000e+06
 -3.8481e+00, +2.3449e+00, -1.4213e+00, +4.8527e+00, +1.1665e+00, -2.4803e+00, +3.9119e+00, +3.4267e-01, -3.1884e+00, +3.3182e+00, -1.3775e-01, -3.5568e+00, +3.0607e+00, -2.8567e-01, -3.5963e+00, +3.1285e+00, -1.1164e-01, -3.3172e+00, +3.5115e+00, +3.7413e-01, -2.7297e+00, +4.1996e+00, +1.1617e+00, -1.8436e+00, -4.8169e+00, +2.2416e+00, -6.6839e-01, -3.5473e+00, +3.6045e+00, +7.8682e-01, -2.0008e+00, -4.7586e+00, +2.5131e+00, -1.8603e-01, -2.8563e+00, +4.5019e+00, +1.8884e+00, -6.9719e-01, -3.2551e+00, +4.2143e+00, +1.7107e+00, -7.6608e-01, -3.2164e+00, +4.3595e+00, +1.9613e+00, -4.1131e-01, -2.7585e+00, +4.9193e+00, +2.6220e+00, +3.4929e-01, -1.8992e+00, -4.1236e+00, +3.6758e+00, +1.4986e+00, -6.5520e-01, -2.7860e+00, -4.8941e+00, +3.0204e+00, +9.5718e-01, -1.0840e+00, -3.1033e+00, +4.8989e+00, +2.9225e+00, +9.6719e-01, +1.0000e+06
 -3.7412e+00, +2.5576e+00, -1.1041e+00, -4.7266e+00, +1.6896e+00, -1.8558e+00, +4.6366e+00, +1.1665e+00, -2.2665e+00, +4.3372e+00, +9.7718e-01, -2.3469e+00, +4.3646e+00, +1.1112e+00, -2.1075e+00, +4.7083e+00, +1.5581e+00, -1.5584e+00, -4.6416e+00, +2.3082e+00, -7.0945e-01, -3.6948e+00, +3.3517e+00, +4.2980e-01, -2.4609e+00, +4.6794e+00, +1.8502e+00, -9.4878e-01, -3.7178e+00, +3.5427e+00, +8.3258e-01, -1.8486e+00, -4.5011e+00, +2.8747e+00, +2.7857e-01, -2.2898e+00, -4.8307e+00, +2.6555e+00, +1.6862e-01, -2.2917e+00, -4.7257e+00, +2.8663e+00, +4.8406e-01, -1.8727e+00, -4.2043e+00, +3.4890e+00, +1.2070e+00, -1.0506e+00, -3.2841e+00, +4.5063e+00, +2.3203e+00, +1.5763e-01, -1.9819e+00, -4.0985e+00, +3.8074e+00, +1.7358e+00, -3.1369e-01, -2.3413e+00, -4.3472e+00, +3.6683e+00, +1.7051e+00, -2.3719e-01, -2.1587e+00, -4.0597e+00, +1.0000e+06
 -3.6343e+00, +2.7702e+00, -7.8681e-01, -4.3058e+00, +2.2128e+00, -1.2314e+00, -4.6388e+00, +1.9903e+00, -1.3446e+00, -4.6439e+00, +2.0921e+00, -1.1370e+00, -4.3316e+00, +2.5080e+00, -6.1869e-01, -3.7119e+00, +3.2279e+00, +2.0043e-01, -2.7947e+00, +4.2422e+00, +1.3108e+00, -1.5893e+00, -4.4583e+00, +2.7032e+00, -1.0484e-01, -2.8829e+00, +4.3687e+00, +1.6498e+00, -1.0402e+00, -3.7013e+00, +3.6659e+00, +1.0614e+00, -1.5154e+00, -4.0646e+00, +3.4135e+00, +9.1847e-01, -1.5499e+00, -3.9918e+00, +3.5924e+00, +1.2024e+00, -1.1621e+00, -3.5013e+00, +4.1845e+00, +1.8951e+00, -3.6991e-01, -2.6107e+00, -4.8275e+00, +2.9794e+00, +8.0971e-01, -1.3368e+00, -3.4603e+00, +4.4388e+00, +2.3604e+00, +3.0428e-01, -1.7299e+00, -3.7424e+00, +4.2667e+00, +2.2970e+00, +3.4845e-01, -1.5793e+00, -3.4865e+00, +4.6267e+00, +2.7601e+00, +9.1346e-01, +1.0000e+06
 -3.5274e+00, +2.9829e+00, -4.6955e-01, -3.8851e+00, +2.7359e+00, -6.0694e-01, -3.9141e+00, +2.8141e+00, -4.2272e-01, -3.6249e+00, +3.2071e+00, +7.2924e-02, -3.0277e+00, +3.9048e+00, +8.7010e-01, -2.1322e+00, +4.8977e+00, +1.9592e+00, -9.4777e-01, -3.8237e+00, +3.3311e+00, +5.1630e-01, -2.2684e+00, +4.9767e+00, +2.2512e+00, -4.4517e-01, -3.1127e+00, +4.2483e+00, +1.6375e+00, -9.4542e-01, -3.5007e+00, +3.9713e+00, +1.4704e+00, -1.0039e+00, -3.4516e+00, +4.1268e+00, +1.7310e+00, -6.3909e-01, -2.9839e+00, +4.6964e+00, +2.4015e+00, +1.3110e-01, -2.1150e+00, -4.3371e+00, +3.4645e+00, +1.2896e+00, -8.6198e-01, -2.9906e+00, +4.9035e+00, +2.8202e+00, +7.5910e-01, -1.2800e+00, -3.2972e+00, +4.7071e+00, +2.7327e+00, +7.7947e-01, -1.1529e+00, -3.0646e+00, -4.9559e+00, +3.1730e+00, +1.3219e+00, -5.0935e-01, -2.3211e+00, -4.1134e+00, +1.0000e+06
 -3.4205e+00, +3.1955e+00, -1.5229e-01, -3.4643e+00, +3.2591e+00, +1.7512e-02, -3.1894e+00, +3.6379e+00, +4.9918e-01, -2.6060e+00, +4.3220e+00, +1.2828e+00, -1.7238e+00, -4.6984e+00, +2.3589e+00, -5.5240e-01, -3.4326e+00, +3.7181e+00, +8.9913e-01, -1.8897e+00, -4.6486e+00, +2.6219e+00, -7.8446e-02, -2.7499e+00, +4.6072e+00, +1.9926e+00, -5.9413e-01, -3.1532e+00, +4.3151e+00, +1.8105e+00, -6.6735e-01, -3.1187e+00, +4.4561e+00, +2.0569e+00, -3.1674e-01, -2.6650e+00, -4.9881e+00, +2.7136e+00, +4.3988e-01, -1.8095e+00, -4.0349e+00, +3.7635e+00, +1.5854e+00, -5.6935e-01, -2.7011e+00, -4.8101e+00, +3.1035e+00, +1.0394e+00, -1.0026e+00, -3.0229e+00, +4.9785e+00, +3.0013e+00, +1.0451e+00, -8.9009e-01, -2.8046e+00, -4.6987e+00, +3.4275e+00, +1.5737e+00, -2.6028e-01, -2.0747e+00, -3.8696e+00, +4.3546e+00, +2.5978e+00, +8.5973e-01, +1.0000e+06
 -3.3136e+00, +3.4081e+00, +1.6497e-01, -3.0435e+00, +3.7822e+00, +6.4196e-01, -2.4648e+00, +4.4617e+00, +1.4211e+00, -1.5871e+00, -4.5631e+00, +2.4927e+00, -4.1997e-01, -3.3016e+00, +3.8477e+00, +1.0274e+00, -1.7628e+00, -4.5231e+00, +2.7460e+00, +4.4390e-02, -2.6284e+00, +4.7274e+00, +2.1115e+00, -4.7646e-01, -3.0368e+00, +4.4303e+00, +1.9244e+00, -5.5464e-01, -3.0072e+00, +4.5664e+00, +2.1660e+00, -2.0877e-01, -2.5581e+00, -4.8824e+00, +2.8182e+00, +5.4331e-01, -1.7072e+00, -3.9337e+00, +3.8636e+00, +1.6845e+00, -4.7133e-01, -2.6041e+00, -4.7141e+00, +3.1984e+00, +1.1333e+00, -9.0974e-01, -2.9310e+00, -4.9306e+00, +3.0912e+00, +1.1341e+00, -8.0206e-01, -2.7175e+00, -4.6125e+00, +3.5127e+00, +1.6580e+00, -1.7686e-01, -1.9921e+00, -3.7880e+00, +4.4354e+00, +2.6777e+00, +9.3879e-01, -7.8151e-01, -2.4834e+00, -4.1671e+00, +1.0000e+06
 -2.1378e+00, -4.2528e+00, +3.6548e+00, +1.5848e+00, -4.6307e-01, -2.4891e+00, -4.4934e+00, +3.5237e+00, +1.5620e+00, -3.7875e-01, -2.2988e+00, -4.1982e+00, +3.9226e+00, +2.0635e+00, +2.2430e-01, -1.5953e+00, -3.3954e+00, +4.8238e+00, +3.0620e+00, +1.3190e+00, -4.0540e-01, -2.1113e+00, -3.7990e+00, +4.5313e+00, +2.8795e+00, +1.2454e+00, -3.7133e-01, -1.9707e+00, -3.5530e+00, +4.8816e+00, +3.3329e+00, +1.8008e+00, +2.8507e-01, -1.2145e+00, -2.6980e+00, -4.1656e+00, +4.3824e+00, +2.9460e+00, +1.5249e+00, +1.1904e-01, -1.2718e+00, -2.6478e+00, -4.0091e+00, +4.6442e+00, +3.3118e+00, +1.9937e+00, +6.8971e-01, -6.0036e-01, -1.8766e+00, -3.1393e+00, -4.3884e+00, +4.3758e+00, +3.1532e+00, +1.9437e+00, +7.4711e-01, -4.3668e-01, -1.6078e+00, -2.7664e+00, -3.9127e+00, +4.9533e+00, +3.8315e+00, +2.7216e+00, +1.6236e+00, +5.3733e-01, +1.0000e+06
 -3.2067e+00, +3.6208e+00, +4.8223e-01, -2.6228e+00, +4.3054e+00, +1.2664e+00, -1.7401e+00, -4.7144e+00, +2.3430e+00, -5.6813e-01, -3.4481e+00, +3.7027e+00, +8.8390e-01, -1.9047e+00, -4.6635e+00, +2.6071e+00, -9.3033e-02, -2.7643e+00, +4.5929e+00, +1.9784e+00, -6.0810e-01, -3.1670e+00, +4.3015e+00, +1.7970e+00, -6.8074e-01, -3.1320e+00, +4.4430e+00, +2.0439e+00, -3.2956e-01, -2.6777e+00, +4.9994e+00, +2.7012e+00, +4.2760e-01, -1.8217e+00, -4.0469e+00, +3.7516e+00, +1.5737e+00, -5.8099e-01, -2.7126e+00, -4.8214e+00, +3.0923e+00, +1.0283e+00, -1.0137e+00, -3.0338e+00, +4.9677e+00, +2.9906e+00, +1.0346e+00, -9.0054e-01, -2.8150e+00, -4.7089e+00, +3.4174e+00, +1.5637e+00, -2.7019e-01, -2.0845e+00, -3.8793e+00, +4.3450e+00, +2.5883e+00, +8.5034e-01, -8.6902e-01, -2.5700e+00, -4.2528e+00, +4.0824e+00, +2.4354e+00, +8.0599e-01, +1.0000e+06
 -2.9930e+00, +4.0461e+00, +1.1167e+00, -1.7813e+00, -4.6483e+00, +2.5153e+00, -2.9074e-01, -3.0668e+00, +4.1868e+00, +1.4697e+00, -1.2183e+00, -3.8775e+00, +3.4916e+00, +8.8892e-01, -1.6860e+00, -4.2334e+00, +3.2465e+00, +7.5329e-01, -1.7133e+00, -4.1535e+00, +3.4324e+00, +1.0441e+00, -1.3186e+00, -3.6562e+00, +4.0313e+00, +1.7435e+00, -5.1986e-01, -2.7590e+00, -4.9743e+00, +2.8342e+00, +6.6607e-01, -1.4789e+00, -3.6009e+00, +4.2998e+00, +2.2229e+00, +1.6815e-01, -1.8646e+00, -3.8756e+00, +4.1349e+00, +2.1667e+00, +2.1944e-01, -1.7069e+00, -3.6128e+00, +4.5018e+00, +2.6365e+00, +7.9120e-01, -1.0344e+00, -2.8405e+00, -4.6273e+00, +3.6050e+00, +1.8562e+00, +1.2610e-01, -1.5855e+00, -3.2788e+00, -4.9540e+00, +3.3886e+00, +1.7491e+00, +1.2698e-01, -1.4777e+00, -3.0653e+00, -4.6359e+00, +3.8102e+00, +2.2730e+00, +7.5226e-01, +1.0000e+06
 -2.8861e+00, +4.2587e+00, +1.4340e+00, -1.3605e+00, -4.1251e+00, +3.1398e+00, +4.3393e-01, -2.2430e+00, -4.8913e+00, +2.4887e+00, -1.0332e-01, -2.6676e+00, +4.7955e+00, +2.2857e+00, -1.9719e-01, -2.6536e+00, +4.9163e+00, +2.5121e+00, +1.3364e-01, -2.2194e+00, -4.5473e+00, +3.1497e+00, +8.7131e-01, -1.3827e+00, -3.6127e+00, +4.1812e+00, +1.9987e+00, -1.6049e-01, -2.2966e+00, -4.4099e+00, +3.4994e+00, +1.4311e+00, -6.1516e-01, -2.6395e+00, -4.6422e+00, +3.3764e+00, +1.4163e+00, -5.2289e-01, -2.4413e+00, -4.3393e+00, +3.7830e+00, +1.9254e+00, +8.7705e-02, -1.7304e+00, -3.5290e+00, +4.6915e+00, +2.9311e+00, +1.1895e+00, -5.3347e-01, -2.2380e+00, -3.9244e+00, +4.4073e+00, +2.7568e+00, +1.1240e+00, -4.9140e-01, -2.0895e+00, -3.6706e+00, +4.7653e+00, +3.2179e+00, +1.6870e+00, +1.7249e-01, -1.3258e+00, -2.8081e+00, -4.2746e+00, +1.0000e+06
 -2.7792e+00, +4.4713e+00, +1.7513e+00, -9.3974e-01, -3.6020e+00, +3.7642e+00, +1.1586e+00, -1.4192e+00, -3.9694e+00, +3.5076e+00, +1.0116e+00, -1.4577e+00, -3.9006e+00, +3.6826e+00, +1.2916e+00, -1.0738e+00, -3.4140e+00, +4.2709e+00, +1.9805e+00, -2.8535e-01, -2.5270e+00, -4.7447e+00, +3.0613e+00, +8.9071e-01, -1.2566e+00, -3.3810e+00, +4.5173e+00, +2.4380e+00, +3.8105e-01, -1.6540e+00, -3.6672e+00, +4.3410e+00, +2.3706e+00, +4.2120e-01, -1.5074e+00, -3.4153e+00, +4.6972e+00, +2.8298e+00, +9.8240e-01, -8.4525e-01, -2.6534e+00, -4.4422e+00, +3.7882e+00, +2.0374e+00, +3.0536e-01, -1.4082e+00, -3.1034e+00, -4.7805e+00, +3.5604e+00, +1.9189e+00, +2.9505e-01, -1.3115e+00, -2.9008e+00, -4.4732e+00, +3.9712e+00, +2.4323e+00, +9.0983e-01, -5.9637e-01, -2.0865e+00, -3.5607e+00, +4.9809e+00, +3.5381e+00, +2.1107e+00, +6.9853e-01, +1.0000e+06
 -2.6723e+00, +4.6840e+00, +2.0685e+00, -5.1898e-01, -3.0788e+00, +4.3887e+00, +1.8833e+00, -5.9537e-01, -3.0475e+00, +4.5266e+00, +2.1266e+00, -2.4778e-01, -2.5967e+00, -4.9206e+00, +2.7804e+00, +5.0594e-01, -1.7442e+00, -3.9703e+00, +3.8274e+00, +1.6487e+00, -5.0675e-01, -2.6392e+00, -4.7488e+00, +3.1641e+00, +1.0994e+00, -9.4331e-01, -2.9642e+00, -4.9634e+00, +3.0587e+00, +1.1020e+00, -8.3387e-01, -2.7490e+00, -4.6437e+00, +3.4819e+00, +1.6275e+00, -2.0701e-01, -2.0219e+00, -3.8175e+00, +4.4062e+00, +2.6488e+00, +9.1022e-01, -8.0978e-01, -2.5114e+00, -4.1948e+00, +4.1398e+00, +2.4921e+00, +8.6213e-01, -7.5045e-01, -2.3458e+00, -3.9241e+00, +4.5145e+00, +2.9697e+00, +1.4415e+00, -7.0382e-02, -1.5661e+00, -3.0459e+00, -4.5098e+00, +4.0419e+00, +2.6092e+00, +1.1917e+00, -2.1065e-01, -1.5980e+00, -2.9705e+00, -4.3283e+00, +1.0000e+06
 -2.5654e+00, +4.8966e+00, +2.3858e+00, -9.8224e-02, -2.5557e+00, -4.9869e+00, +2.6079e+00, +2.2844e-01, -2.1256e+00, -4.4545e+00, +3.2415e+00, +9.6213e-01, -1.2929e+00, -3.5238e+00, +4.2692e+00, +2.0857e+00, -7.4427e-02, -2.2115e+00, -4.3257e+00, +3.5828e+00, +1.5135e+00, -5.3360e-01, -2.5588e+00, -4.5624e+00, +3.4554e+00, +1.4944e+00, -4.4560e-01, -2.3649e+00, -4.2636e+00, +3.8579e+00, +1.9995e+00, +1.6096e-01, -1.6579e+00, -3.4574e+00, +4.7624e+00, +3.0013e+00, +1.2589e+00, -4.6479e-01, -2.1701e+00, -3.8572e+00, +4.4738e+00, +2.8226e+00, +1.1891e+00, -4.2701e-01, -2.0258e+00, -3.6075e+00, +4.8276e+00, +3.2796e+00, +1.7480e+00, +2.3286e-01, -1.2661e+00, -2.7491e+00, -4.2162e+00, +4.3324e+00, +2.8965e+00, +1.4760e+00, +7.0615e-02, -1.3197e+00, -2.6952e+00, -4.0560e+00, +4.5978e+00, +3.2659e+00, +1.9483e+00, +6.4480e-01, +1.0000e+06
 -2.4585e+00, -4.8907e+00, +2.7030e+00, +3.2254e-01, -2.0325e+00, -4.3624e+00, +3.3326e+00, +1.0523e+00, -1.2037e+00, -3.4356e+00, +4.3564e+00, +2.1720e+00, +1.0990e-02, -2.1270e+00, -4.2421e+00, +3.6655e+00, +1.5953e+00, -4.5265e-01, -2.4788e+00, -4.4832e+00, +3.5338e+00, +1.5720e+00, -3.6888e-01, -2.2890e+00, -4.1886e+00, +3.9322e+00, +2.0730e+00, +2.3366e-01, -1.5860e+00, -3.3862e+00, +4.8328e+00, +3.0709e+00, +1.3278e+00, -3.9663e-01, -2.1027e+00, -3.7904e+00, +4.5398e+00, +2.8879e+00, +1.2537e+00, -3.6311e-01, -1.9626e+00, -3.5450e+00, +4.8895e+00, +3.3408e+00, +1.8086e+00, +2.9278e-01, -1.2068e+00, -2.6904e+00, -4.1581e+00, +4.3898e+00, +2.9533e+00, +1.5322e+00, +1.2619e-01, -1.2648e+00, -2.6408e+00, -4.0022e+00, +4.6510e+00, +3.3186e+00, +2.0004e+00, +6.9634e-01, -5.9380e-01, -1.8702e+00, -3.1329e+00, -4.3821e+00, +1.0000e+06
 -2.3516e+00, -4.6781e+00, +3.0203e+00, +7.4329e-01, -1.5094e+00, -3.7380e+00, +4.0573e+00, +1.8761e+00, -2.8181e-01, -2.4166e+00, -4.5286e+00, +3.3819e+00, +1.3149e+00, -7.3013e-01, -2.7533e+00, -4.7548e+00, +3.2651e+00, +1.3062e+00, -6.3185e-01, -2.5491e+00, -4.4459e+00, +3.6775e+00, +1.8211e+00, -1.5553e-02, -1.8325e+00, -3.6301e+00, +4.5915e+00, +2.8322e+00, +1.0917e+00, -6.3028e-01, -2.3338e+00, -4.0191e+00, +4.3136e+00, +2.6641e+00, +1.0322e+00, -5.8216e-01, -2.1793e+00, -3.7594e+00, +4.6774e+00, +3.1309e+00, +1.6010e+00, +8.7397e-02, -1.4100e+00, -2.8914e+00, -4.3570e+00, +4.1931e+00, +2.7587e+00, +1.3396e+00, -6.4308e-02, -1.4532e+00, -2.8273e+00, -4.1866e+00, +4.4685e+00, +3.1381e+00, +1.8218e+00, +5.1965e-01, -7.6860e-01, -2.0431e+00, -3.3039e+00, -4.5513e+00, +4.2146e+00, +2.9938e+00, +1.7860e+00, +5.9106e-01, +1.0000e+06
 -3.0999e+00, +3.8334e+00, +7.9949e-01, -2.2020e+00, +4.8286e+00, +1.8909e+00, -1.0154e+00, -3.8906e+00, +3.2649e+00, +4.5081e-01, -2.3332e+00, +4.9126e+00, +2.1878e+00, -5.0790e-01, -3.1748e+00, +4.1869e+00, +1.5767e+00, -1.0055e+00, -3.5602e+00, +3.9125e+00, +1.4122e+00, -1.0614e+00, -3.5086e+00, +4.0704e+00, +1.6753e+00, -6.9424e-01, -3.0384e+00, +4.6424e+00, +2.3481e+00, +7.8269e-02, -2.1673e+00, -4.3888e+00, +3.4133e+00, +1.2390e+00, -9.1204e-01, -3.0401e+00, +4.8545e+00, +2.7717e+00, +7.1114e-01, -1.3274e+00, -3.3441e+00, +4.6607e+00, +2.6868e+00, +7.3403e-01, -1.1979e+00, -3.1091e+00, -4.9999e+00, +3.1295e+00, +1.2789e+00, -5.5196e-01, -2.3632e+00, -4.1551e+00, +4.0721e+00, +2.3184e+00, +5.8331e-01, -1.1332e+00, -2.8313e+00, -4.5113e+00, +3.8266e+00, +2.1823e+00, +5.5564e-01, -1.0537e+00, -2.6458e+00, -4.2209e+00, +1.0000e+06
 -4.2757e+00, +1.4944e+00, -2.6904e+00, +3.1696e+00, -9.2613e-01, -4.9781e+00, +1.0132e+00, -2.9526e+00, +3.1240e+00, -7.5751e-01, -4.5975e+00, +1.6035e+00, -2.1548e+00, +4.1270e+00, +4.4860e-01, -3.1905e+00, +3.2093e+00, -3.5244e-01, -3.8761e+00, +2.6379e+00, -8.1080e-01, -4.2227e+00, +2.4019e+00, -9.3737e-01, -4.2410e+00, +2.4907e+00, -7.4266e-01, -3.9415e+00, +2.8939e+00, -2.3687e-01, -3.3342e+00, +3.6016e+00, +5.7013e-01, -2.4289e+00, +4.6041e+00, +1.6688e+00, -1.2351e+00, -4.1080e+00, +3.0499e+00, +2.3807e-01, -2.5437e+00, +4.7044e+00, +1.9818e+00, -7.1169e-01, -3.3764e+00, +3.9874e+00, +1.3794e+00, -1.2007e+00, -3.7533e+00, +3.7214e+00, +1.2232e+00, -1.2484e+00, -3.6936e+00, +3.8874e+00, +1.4942e+00, -8.7336e-01, -3.2156e+00, +4.4671e+00, +2.1746e+00, -9.3322e-02, -2.3370e+00, -4.5568e+00, +3.2472e+00, +1.0747e+00, +1.0000e+06
